customer_code,login_name,first_name,last_name,gender,address,district,city,postal_code,phone,countrycode,country,email,LastUpdate
KA5442,akahn,Alan,Kahn,M,500 Lincoln Parkway,Jiangsu,Huaian,95509,550306965159,CHN,China,akahn142@email.com,2021-01-01
HE3205,sheaton,Shawn,Heaton,M,102 Chapra Drive,Ibaragi,Tama,14073,776031833752,JPN,Japan,sheaton110@email.com,2021-01-01
GA4104,cgamez,Clarence,Gamez,M,1793 Meixian Place,Hmelnytskyi,Kamjanets-Podilskyi,33535,619966287415,UKR,Ukraine,cgamez917@email.com,2021-01-01
CA7336,pcausey,Philip,Causey,M,717 Changzhou Lane,Southern Tagalog,Cavite,21615,426255288071,PHL,Philippines,pcausey143@email.com,2021-01-01
BR4295,cbrothers,Chris,Brothers,M,753 Ilorin Avenue,Sichuan,Emeishan,3656,464511145118,CHN,China,cbrothers183@email.com,2021-01-01
TU6307,jturpin,Johnny,Turpin,M,1337 Mit Ghamr Avenue,Nakhon Sawan,Nakhon Sawan,29810,175283210378,THA,Thailand,jturpin308@email.com,2021-01-01
SH3120,eshanks,Earl,Shanks,M,767 Pyongyang Drive,Osaka,Izumisano,83536,667736124769,JPN,Japan,eshanks875@email.com,2021-01-01
SC2463,jschrader,Jimmy,Schrader,M,614 Pak Kret Street,Addis Abeba,Addis Abeba,27796,47808359842,ETH,Ethiopia,jschrader18@email.com,2021-01-01
ME2028,ameek,Antonio,Meek,M,954 Lapu-Lapu Way,Moskova,Korolev,8816,737229003916,RUS,Russian Federation,ameek239@email.com,2021-01-01
IS4812,disom,Danny,Isom,M,331 Bydgoszcz Parkway,Asturia,Gijn,966,537374465982,ESP,Spain,disom448@email.com,2021-01-01
HA0937,bhardison,Bryan,Hardison,M,1152 Citrus Heights Manor,al-Qadarif,al-Qadarif,5239,765957414528,SDN,Sudan,bhardison139@email.com,2021-01-01
CA8615,tcarranza,Tony,Carranza,M,168 Cianjur Manor,Saitama,Iwatsuki,73824,679095087143,JPN,Japan,tcarranza685@email.com,2021-01-01
YA4422,lyanez,Luis,Yanez,M,616 Hagonoy Avenue,Krasnojarsk,Atinsk,46043,604177838256,RUS,Russian Federation,lyanez24@email.com,2021-01-01
WA5491,mway,Mike,Way,M,1190 0 Place,Rio Grande do Sul,Bag,10417,841876514789,BRA,Brazil,mway532@email.com,2021-01-01
SC9652,sscroggins,Stanley,Scroggins,M,734 Bchar Place,Punjab,Okara,30586,280578750435,PAK,Pakistan,sscroggins364@email.com,2021-01-01
SC8905,lschofield,Leonard,Schofield,M,530 Lausanne Lane,Texas,Dallas,11067,775235029633,USA,United States of America,lschofield107@email.com,2021-01-01
RU6503,nrunyon,Nathan,Runyon,M,454 Patiala Lane,Fukushima,Koriyama,13496,794553031307,JPN,Japan,nrunyon458@email.com,2021-01-01
RA0436,dratcliff,Dale,Ratcliff,M,1346 Mysore Drive,Bretagne,Brest,61507,516647474029,FRA,France,dratcliff863@email.com,2021-01-01
MU9492,mmurrell,Manuel,Murrell,M,990 Etawah Loop,Tamil Nadu,Valparai,79940,206169448769,IND,India,mmurrell388@email.com,2021-01-01
MO7126,rmoeller,Rodney,Moeller,M,1266 Laredo Parkway,Saitama,Omiya,7664,1483365694,JPN,Japan,rmoeller528@email.com,2021-01-01
IR9748,cirby,Curtis,Irby,M,88 Nagaon Manor,Buenos Aires,Tandil,86868,779461480495,ARG,Argentina,cirby798@email.com,2021-01-01
BU3983,abutterfield,Allen,Butterfield,M,1639 Saarbrcken Drive,North West,Rustenburg,9827,328494873422,ZAF,South Africa,abutterfield521@email.com,2021-01-01
YE4289,myee,Marvin,Yee,M,692 Amroha Drive,Northern,Jaffna,35575,359478883004,LKA,Sri Lanka,myee703@email.com,2021-01-01
RA4415,vralston,Vincent,Ralston,M,1936 Lapu-Lapu Parkway,Bauchi & Gombe,Deba Habe,7122,653436985797,NGA,Nigeria,vralston234@email.com,2021-01-01
PU6679,gpullen,Glenn,Pullen,M,432 Garden Grove Street,Ontario,Richmond Hill,65630,615964523510,CAN,Canada,gpullen588@email.com,2021-01-01
PI7129,jpinson,Jeffery,Pinson,M,1445 Carmen Parkway,West Java,Cianjur,70809,598912394463,IDN,Indonesia,jpinson901@email.com,2021-01-01
ES1704,testep,Travis,Estep,M,791 Salinas Street,Punjab,Hoshiarpur,40509,129953030512,IND,India,testep753@email.com,2021-01-01
EA7034,jeast,Jeff,East,M,126 Acua Parkway,West Bengali,Berhampore (Baharampur),58888,480039662421,IND,India,jeast355@email.com,2021-01-01
CA3900,ccarbone,Chad,Carbone,M,397 Sunnyvale Avenue,Guanajuato,Allende,55566,680851640676,MEX,Mexico,ccarbone684@email.com,2021-01-01
LA2244,jlance,Jacob,Lance,M,992 Klerksdorp Loop,Utrecht,Amersfoort,33711,855290087237,NLD,Netherlands,jlance641@email.com,2021-01-01
HA5998,lhawks,Lee,Hawks,M,966 Arecibo Loop,Sind,Dadu,94018,15273765306,PAK,Pakistan,lhawks583@email.com,2021-01-01
EL0079,mellington,Melvin,Ellington,M,289 Santo Andr Manor,al-Sharqiya,al-Qatif,72410,214976066017,SAU,Saudi Arabia,mellington79@email.com,2021-01-01
CA7057,acasillas,Alfred,Casillas,M,437 Chungho Drive,Puerto Plata,San Felipe de Puerto Plata,59489,491271355190,DOM,Dominican Republic,acasillas43@email.com,2021-01-01
SP1651,kspurlock,Kyle,Spurlock,M,1948 Bayugan Parkway,Bihar,Katihar,60622,987306329957,IND,India,kspurlock574@email.com,2021-01-01
SI7649,fsikes,Francis,Sikes,M,1866 al-Qatif Avenue,California,El Monte,89420,546793516940,USA,United States of America,fsikes195@email.com,2021-01-01
MO5534,bmotley,Bradley,Motley,M,1661 Abha Drive,Tamil Nadu,Pudukkottai,14400,270456873752,IND,India,bmotley328@email.com,2021-01-01
MC8653,jmccartney,Jesus,Mccartney,M,1557 Cape Coral Parkway,Hubei,Laohekou,46875,368284120423,CHN,China,jmccartney955@email.com,2021-01-01
KR6273,hkruger,Herbert,Kruger,M,1727 Matamoros Place,Sawhaj,Sawhaj,78813,129673677866,EGY,Egypt,hkruger59@email.com,2021-01-01
IS5587,fisbell,Frederick,Isbell,M,1269 Botosani Manor,Guangdong,Shanwei,47394,736517327853,CHN,China,fisbell122@email.com,2021-01-01
HO7116,rhoule,Ray,Houle,M,355 Vitria de Santo Anto Way,Oaxaca,San Juan Bautista Tuxtepec,81758,548003849552,MEX,Mexico,rhoule208@email.com,2021-01-01
FR5675,jfrancisco,Joel,Francisco,M,1596 Acua Parkway,Jharkhand,Purnea (Purnia),70425,157133457169,IND,India,jfrancisco108@email.com,2021-01-01
BU1325,eburk,Edwin,Burk,M,259 Ipoh Drive,So Paulo,Guaruj,64964,419009857119,BRA,Brazil,eburk875@email.com,2021-01-01
BO2132,dbone,Don,Bone,M,1823 Hoshiarpur Lane,Komi,Syktyvkar,33191,307133768620,RUS,Russian Federation,dbone65@email.com,2021-01-01
TO5141,etomlin,Eddie,Tomlin,M,1404 Taguig Drive,Okayama,Tsuyama,87212,572068624538,JPN,Japan,etomlin137@email.com,2021-01-01
SH9319,rshelby,Ricky,Shelby,M,740 Udaipur Lane,Nizni Novgorod,Dzerzinsk,33505,497288595103,RUS,Russian Federation,rshelby29@email.com,2021-01-01
QU3870,tquigley,Troy,Quigley,M,287 Cuautla Boulevard,Chuquisaca,Sucre,72736,82619513349,BOL,Bolivia,tquigley38@email.com,2021-01-01
NE0031,rneumann,Randall,Neumann,M,1766 Almirante Brown Street,KwaZulu-Natal,Newcastle,63104,617567598243,ZAF,South Africa,rneumann136@email.com,2021-01-01
LO5980,blovelace,Barry,Lovelace,M,596 Huixquilucan Place,Nampula,Naala-Porto,65892,342709348083,MOZ,Mozambique,blovelace318@email.com,2021-01-01
FE7383,afennell,Alexander,Fennell,M,1351 Aparecida de Goinia Parkway,Northern Mindanao,Ozamis,41775,959834530529,PHL,Philippines,afennell423@email.com,2021-01-01
CO1979,bcolby,Bernard,Colby,M,722 Bradford Lane,Shandong,Junan,90920,746251338300,CHN,China,bcolby783@email.com,2021-01-01
CH2336,mcheatham,Mario,Cheatham,M,983 Santa F Way,British Colombia,Vancouver,47472,145720452260,CAN,Canada,mcheatham683@email.com,2021-01-01
BU6987,lbustamante,Leroy,Bustamante,M,1245 Ibirit Way,La Romana,La Romana,40926,331888642162,DOM,Dominican Republic,lbustamante310@email.com,2021-01-01
SK4462,fskidmore,Francisco,Skidmore,M,1836 Korla Parkway,Copperbelt,Kitwe,55405,689681677428,ZMB,Zambia,fskidmore66@email.com,2021-01-01
HI8732,mhidalgo,Marcus,Hidalgo,M,231 Kaliningrad Place,Lombardia,Bergamo,57833,575081026569,ITA,Italy,mhidalgo387@email.com,2021-01-01
FO2463,mforman,Micheal,Forman,M,495 Bhimavaram Lane,Maharashtra,Dhule (Dhulia),3,82088937724,IND,India,mforman60@email.com,2021-01-01
CU8817,tculp,Theodore,Culp,M,1924 Shimonoseki Drive,Batna,Batna,52625,406784385440,DZA,Algeria,tculp50@email.com,2021-01-01
BO7088,cbowens,Clifford,Bowens,M,105 Dzerzinsk Manor,Inner Mongolia,Tongliao,48570,240776414296,CHN,China,cbowens749@email.com,2021-01-01
BE0798,mbetancourt,Miguel,Betancourt,M,614 Denizli Parkway,Rio Grande do Sul,So Leopoldo,29444,876491807547,BRA,Brazil,mbetancourt449@email.com,2021-01-01
AQ0097,oaquino,Oscar,Aquino,M,1289 Belm Boulevard,Tartumaa,Tartu,88306,237368926031,EST,Estonia,oaquino68@email.com,2021-01-01
RO7168,jrobb,Jay,Robb,M,203 Tambaram Street,Buenos Aires,Escobar,73942,411549550611,ARG,Argentina,jrobb503@email.com,2021-01-01
RE5435,jrea,Jim,Rea,M,1704 Tambaram Manor,West Bengali,Uluberia,2834,39463554936,IND,India,jrea993@email.com,2021-01-01
MI6974,tmilner,Tom,Milner,M,207 Cuernavaca Loop,Tatarstan,Nabereznyje Telny,52671,782900030287,RUS,Russian Federation,tmilner771@email.com,2021-01-01
MA8301,cmartel,Calvin,Martel,M,319 Springs Loop,Baijeri,Erlangen,99552,72524459905,DEU,Germany,cmartel326@email.com,2021-01-01
GR4344,agresham,Alex,Gresham,M,956 Nam Dinh Manor,Kerman,Sirjan,21872,474047727727,IRN,Iran,agresham856@email.com,2021-01-01
WI9920,jwiles,Jon,Wiles,M,1947 Paarl Way,Central Java,Surakarta,23636,834061016202,IDN,Indonesia,jwiles319@email.com,2021-01-01
RI8674,rricketts,Ronnie,Ricketts,M,814 Simferopol Loop,Sinaloa,El Fuerte,48745,524567129902,MEX,Mexico,rricketts887@email.com,2021-01-01
GA5102,bgavin,Bill,Gavin,M,535 Ahmadnagar Manor,Abu Dhabi,Abu Dhabi,41136,985109775584,ARE,United Arab Emirates,bgavin133@email.com,2021-01-01
DO5437,ldowd,Lloyd,Dowd,M,138 Caracas Boulevard,Zulia,Maracabo,16790,974433019532,VEN,Venezuela,ldowd944@email.com,2021-01-01
CO2661,tcollazo,Tommy,Collazo,M,251 Florencia Drive,Michoacn de Ocampo,Uruapan,16119,118011831565,MEX,Mexico,tcollazo851@email.com,2021-01-01
BO0119,lbostic,Leon,Bostic,M,659 Gatineau Boulevard,La Paz,El Alto,28587,205524798287,BOL,Bolivia,lbostic3@email.com,2021-01-01
BL7738,dblakely,Derek,Blakely,M,1889 Valparai Way,Ziguinchor,Ziguinchor,75559,670370974122,SEN,Senegal,dblakely941@email.com,2021-01-01
SH1377,wsherrod,Warren,Sherrod,M,1485 Bratislava Place,Illinois,Rockford,83183,924663855568,USA,United States of America,wsherrod28@email.com,2021-01-01
PO5257,dpower,Darrell,Power,M,935 Aden Boulevard,Central Java,Tegal,64709,335052544020,IDN,Indonesia,dpower657@email.com,2021-01-01
KE6316,jkenyon,Jerome,Kenyon,M,76 Kermanshah Manor,Esfahan,Qomsheh,23343,762361821578,IRN,Iran,jkenyon720@email.com,2021-01-01
GA8577,fgandy,Floyd,Gandy,M,734 Tanshui Avenue,Caquet,Florencia,70664,366776723320,COL,Colombia,fgandy985@email.com,2021-01-01
EB4117,lebert,Leo,Ebert,M,118 Jaffna Loop,Northern Mindanao,Gingoog,10447,325526730021,PHL,Philippines,lebert401@email.com,2021-01-01
DE8683,adeloach,Alvin,Deloach,M,1621 Tongliao Avenue,Irkutsk,Usolje-Sibirskoje,22173,209342540247,RUS,Russian Federation,adeloach917@email.com,2021-01-01
CA1257,tcary,Tim,Cary,M,1844 Usak Avenue,Nova Scotia,Halifax,84461,164414772677,CAN,Canada,tcary256@email.com,2021-01-01
BU9927,wbull,Wesley,Bull,M,1872 Toulon Loop,OHiggins,Rancagua,7939,928809465153,CHL,Chile,wbull941@email.com,2021-01-01
AL4614,gallard,Gordon,Allard,M,1088 Ibirit Place,Jalisco,Zapopan,88502,49084281333,MEX,Mexico,gallard823@email.com,2021-01-01
SA6096,dsauer,Dean,Sauer,M,1322 Mosul Parkway,Shandong,Dongying,95400,268053970382,CHN,China,dsauer386@email.com,2021-01-01
RO9335,grobins,Greg,Robins,M,1447 Chatsworth Place,Chihuahua,Cuauhtmoc,41545,769370126331,MEX,Mexico,grobins131@email.com,2021-01-01
OL1910,jolivares,Jorge,Olivares,M,1257 Guadalajara Street,Karnataka,Bijapur,33599,195337700615,IND,India,jolivares317@email.com,2021-01-01
GI4674,dgillette,Dustin,Gillette,M,1469 Plock Lane,Galicia,Ourense (Orense),95835,622884741180,ESP,Spain,dgillette140@email.com,2021-01-01
CH5380,pchestnut,Pedro,Chestnut,M,434 Ourense (Orense) Manor,Hodeida,Hodeida,14122,562370137426,YEM,Yemen,pchestnut320@email.com,2021-01-01
BO7206,dbourque,Derrick,Bourque,M,270 Tambaram Parkway,Gauteng,Johannesburg,9668,248446668735,ZAF,South Africa,dbourque222@email.com,2021-01-01
PA0771,dpaine,Dan,Paine,M,1786 Salinas Place,Nam Ha,Nam Dinh,66546,206060652238,VNM,Vietnam,dpaine804@email.com,2021-01-01
LY2003,llyman,Lewis,Lyman,M,1078 Stara Zagora Drive,Aceh,Lhokseumawe,69221,932992626595,IDN,Indonesia,llyman50@email.com,2021-01-01
HI8395,zhite,Zachary,Hite,M,1854 Okara Boulevard,Drenthe,Emmen,42123,131912793873,NLD,Netherlands,zhite163@email.com,2021-01-01
HA7457,chauser,Corey,Hauser,F,421 Yaound Street,Sumy,ostka,11363,726875628268,UKR,Ukraine,chauser796@email.com,2021-01-01
DE9419,hdevore,Herman,Devore,M,1153 Allende Way,Qubec,Gatineau,20336,856872225376,CAN,Canada,hdevore266@email.com,2021-01-01
CR1032,mcrawley,Maurice,Crawley,M,808 Naala-Porto Parkway,England,Stockport,41060,553452430707,GBR,United Kingdom,mcrawley646@email.com,2021-01-01
CH0842,vchapa,Vernon,Chapa,M,632 Usolje-Sibirskoje Parkway,Ha Darom,Ashqelon,73085,667648979883,ISR,Israel,vchapa2@email.com,2021-01-01
VU5117,rvu,Roberto,Vu,M,98 Pyongyang Boulevard,Ohio,Akron,88749,191958435142,USA,United States of America,rvu866@email.com,2021-01-01
TO5114,ctobias,Clyde,Tobias,M,984 Novoterkassk Loop,Gaziantep,Gaziantep,28165,435118527255,TUR,Turkey,ctobias545@email.com,2021-01-01
PO2863,hpoindexter,Hector,Poindexter,M,1785 So Bernardo do Campo Street,Veracruz,Coatzacoalcos,71182,684529463244,MEX,Mexico,hpoindexter45@email.com,2021-01-01
MI5272,smillard,Shane,Millard,M,698 Jelets Boulevard,Denizli,Denizli,2596,975185523021,TUR,Turkey,smillard255@email.com,2021-01-01
ME0041,rmeador,Ricardo,Meador,M,1297 Alvorada Parkway,Ningxia,Yinchuan,11839,508348602835,CHN,China,rmeador693@email.com,2021-01-01
MC3252,smcduffie,Sam,Mcduffie,M,1909 Dayton Avenue,Guangdong,Shaoguan,88513,702955450528,CHN,China,smcduffie697@email.com,2021-01-01
MA1580,rmattox,Rick,Mattox,M,1789 Saint-Denis Parkway,Coahuila de Zaragoza,Acua,8268,936806643983,MEX,Mexico,rmattox360@email.com,2021-01-01
KR3830,lkraus,Lester,Kraus,M,185 Mannheim Lane,Stavropol,Pjatigorsk,23661,589377568313,RUS,Russian Federation,lkraus351@email.com,2021-01-01
HA5446,bharkins,Brent,Harkins,M,184 Mandaluyong Street,Baja California Sur,La Paz,94239,488425406814,MEX,Mexico,bharkins735@email.com,2021-01-01
CH0635,rchoate,Ramon,Choate,M,591 Sungai Petani Drive,Okayama,Okayama,46400,37247325001,JPN,Japan,rchoate858@email.com,2021-01-01
BE0554,cbess,Charlie,Bess,F,656 Matamoros Drive,Boyac,Sogamoso,19489,17305839123,COL,Colombia,cbess643@email.com,2021-01-01
WR5954,twren,Tyler,Wren,M,775 ostka Drive,al-Daqahliya,Mit Ghamr,22358,171973024401,EGY,Egypt,twren572@email.com,2021-01-01
SL2588,gsledge,Gilbert,Sledge,M,1013 Tabuk Boulevard,West Bengali,Kanchrapara,96203,158399646978,IND,India,gsledge563@email.com,2021-01-01
SA7932,gsanborn,Gene,Sanborn,M,319 Plock Parkway,Istanbul,Sultanbeyli,26101,854259976812,TUR,Turkey,gsanborn394@email.com,2021-01-01
OU2340,moutlaw,Marc,Outlaw,M,1954 Kowloon and New Kowloon Way,Chimborazo,Robamba,63667,898559280434,ECU,Ecuador,moutlaw100@email.com,2021-01-01
KI4028,rkinder,Reginald,Kinder,M,362 Rajkot Lane,Gansu,Baiyin,98030,962020153680,CHN,China,rkinder239@email.com,2021-01-01
GE9088,rgeary,Ruben,Geary,M,1060 Tandil Lane,Shandong,Rizhao,72349,211256301880,CHN,China,rgeary637@email.com,2021-01-01
CO3240,bcornwell,Brett,Cornwell,M,1515 Korla Way,England,York,57197,959467760895,GBR,United Kingdom,bcornwell343@email.com,2021-01-01
BA9553,abarclay,Angel,Barclay,M,1416 San Juan Bautista Tuxtepec Avenue,Zufar,Salala,50592,144206758053,OMN,Oman,abarclay470@email.com,2021-01-01
AD9341,nadam,Nathaniel,Adam,M,1 Valle de Santiago Avenue,Apulia,Brindisi,86208,465897838272,ITA,Italy,nadam756@email.com,2021-01-01
AB5117,rabney,Rafael,Abney,M,519 Brescia Parkway,East Java,Madiun,69504,793996678771,IDN,Indonesia,rabney436@email.com,2021-01-01
SE2412,lseward,Leslie,Seward,F,414 Mandaluyong Street,Lubelskie,Lublin,16370,52709222667,POL,Poland,lseward927@email.com,2021-01-01
RH4809,erhoads,Edgar,Rhoads,M,1197 Sokoto Boulevard,West Bengali,Siliguri (Shiliguri),87687,868602816371,IND,India,erhoads749@email.com,2021-01-01
HO3217,mhowland,Milton,Howland,M,496 Celaya Drive,Nagano,Ueda,90797,759586584889,JPN,Japan,mhowland703@email.com,2021-01-01
FO5881,rfortier,Raul,Fortier,M,786 Matsue Way,Illinois,Joliet,37469,111177206479,USA,United States of America,rfortier446@email.com,2021-01-01
EA0502,beaster,Ben,Easter,M,48 Maracabo Place,Central Luzon,Talavera,1570,82671830126,PHL,Philippines,beaster377@email.com,2021-01-01
BE1387,cbenner,Chester,Benner,M,1152 al-Qatif Lane,Kalimantan Barat,Pontianak,44816,131370665218,IDN,Indonesia,cbenner859@email.com,2021-01-01
VI2016,cvines,Cecil,Vines,M,1269 Ipoh Avenue,Eskisehir,Eskisehir,54674,402630109080,TUR,Turkey,cvines958@email.com,2021-01-01
TU3956,dtubbs,Duane,Tubbs,M,758 Korolev Parkway,Andhra Pradesh,Vijayawada,75474,441628280920,IND,India,dtubbs131@email.com,2021-01-01
TR1100,ftroutman,Franklin,Troutman,M,1747 Rustenburg Place,Bihar,Chapra,51369,442673923363,IND,India,ftroutman271@email.com,2021-01-01
RA2471,arapp,Andre,Rapp,M,886 Tonghae Place,Volgograd,Kamyin,19450,711928348157,RUS,Russian Federation,arapp614@email.com,2021-01-01
NO6438,enoe,Elmer,Noe,M,1574 Goinia Boulevard,Heilongjiang,Suihua,39529,59634255214,CHN,China,enoe551@email.com,2021-01-01
MC5266,bmccurdy,Brad,Mccurdy,M,548 Uruapan Street,Ontario,London,35653,879347453467,GBR,United Kingdom,bmccurdy189@email.com,2021-01-01
DE8246,rdeluca,Ron,Deluca,M,962 Tama Loop,,Yangor,65952,282667506728,NRU,Nauru,rdeluca836@email.com,2021-01-01
WE3864,mwestmoreland,Mitchell,Westmoreland,M,1778 Gijn Manor,Hubei,Zaoyang,35156,288910576761,CHN,China,mwestmoreland699@email.com,2021-01-01
SO2985,rsouth,Roland,South,M,568 Dhule (Dhulia) Loop,Coquimbo,Coquimbo,92568,602101369463,CHL,Chile,rsouth608@email.com,2021-01-01
HA8784,ahavens,Arnold,Havens,M,1768 Udine Loop,Battambang,Battambang,32347,448876499197,KHM,Cambodia,ahavens360@email.com,2021-01-01
GU1180,hguajardo,Harvey,Guajardo,M,608 Birgunj Parkway,Taipei,Chungho,400,627425618482,TWN,Taiwan,hguajardo317@email.com,2021-01-01
EL2834,jely,Jared,Ely,M,680 A Corua (La Corua) Manor,Sivas,Sivas,49806,158326114853,TUR,Turkey,jely931@email.com,2021-01-01
CL6298,aclary,Adrian,Clary,M,1949 Sanya Street,Gumma,Isesaki,61244,132100972047,JPN,Japan,aclary616@email.com,2021-01-01
SE1124,kseal,Karl,Seal,M,617 Klerksdorp Place,Khanh Hoa,Nha Trang,94707,574973479129,VNM,Vietnam,kseal575@email.com,2021-01-01
ME3787,cmeehan,Cory,Meehan,F,1993 0 Loop,Liaoning,Yingkou,41214,25865528181,CHN,China,cmeehan83@email.com,2021-01-01
HE8256,cherzog,Claude,Herzog,M,1176 Southend-on-Sea Manor,Southern Tagalog,Santa Rosa,81651,236679267178,PHL,Philippines,cherzog971@email.com,2021-01-01
GU5216,eguillen,Erik,Guillen,M,600 Purnea (Purnia) Avenue,Nghe An,Vinh,18043,638409958875,VNM,Vietnam,eguillen804@email.com,2021-01-01
AS8765,dashcraft,Darryl,Ashcraft,M,1003 Qinhuangdao Street,West Java,Purwakarta,25972,35533115997,IDN,Indonesia,dashcraft463@email.com,2021-01-01
WA7732,jwaugh,Jamie,Waugh,F,1986 Sivas Place,Friuli-Venezia Giuli,Udine,95775,182059202712,ITA,Italy,jwaugh969@email.com,2021-01-01
RE4920,nrenner,Neil,Renner,M,1427 Tabuk Place,Florida,Cape Coral,31342,214756839122,USA,United States of America,nrenner873@email.com,2021-01-01
MI1316,jmilam,Jessie,Milam,F,556 Asuncin Way,Mogiljov,Mogiljov,35364,338244023543,BLR,Belarus,jmilam358@email.com,2021-01-01
JU6364,cjung,Christian,Jung,M,486 Ondo Parkway,Benguela,Benguela,35202,105882218332,AGO,Angola,cjung135@email.com,2021-01-01
EL4649,jelrod,Javier,Elrod,M,635 Brest Manor,Andhra Pradesh,Bhimavaram,40899,80593242951,IND,India,jelrod812@email.com,2021-01-01
CH1443,fchurchill,Fernando,Churchill,M,166 Jinchang Street,Buenos Aires,Ezeiza,86760,717566026669,ARG,Argentina,fchurchill566@email.com,2021-01-01
BU2297,cbuford,Clinton,Buford,M,958 Sagamihara Lane,Mie,Kuwana,88408,427274926505,JPN,Japan,cbuford316@email.com,2021-01-01
BR6141,tbreaux,Ted,Breaux,M,1817 Livorno Way,Khanh Hoa,Cam Ranh,79401,478380208348,VNM,Vietnam,tbreaux784@email.com,2021-01-01
BO1352,mbolin,Mathew,Bolin,M,1332 Gaziantep Lane,Shandong,Binzhou,22813,383353187467,CHN,China,mbolin909@email.com,2021-01-01
AS2803,tasher,Tyrone,Asher,M,949 Allende Lane,Uttar Pradesh,Amroha,67521,122981120653,IND,India,tasher903@email.com,2021-01-01
WI9179,dwindham,Darren,Windham,M,195 Ilorin Street,Chari-Baguirmi,NDjamna,49250,8912935608,TCD,Chad,dwindham187@email.com,2021-01-01
TI0430,ltirado,Lonnie,Tirado,F,193 Bhusawal Place,Kang-won,Tonghae,9750,745267607502,KOR,Republic of Korea,ltirado835@email.com,2021-01-01
PE7531,lpemberton,Lance,Pemberton,M,43 Vilnius Manor,Colorado,Aurora,79814,484500282381,USA,United States of America,lpemberton226@email.com,2021-01-01
NO1579,cnolen,Cody,Nolen,M,183 Haiphong Street,Jilin,Baicheng,69953,488600270038,CHN,China,cnolen880@email.com,2021-01-01
NO6627,jnoland,Julio,Noland,M,163 Augusta-Richmond County Loop,Carabobo,Valencia,33030,754579047924,VEN,Venezuela,jnoland393@email.com,2021-01-01
KN1305,kknott,Kelly,Knott,F,191 Jos Azueta Parkway,Ruse,Ruse,13629,932156667696,BGR,Bulgaria,kknott828@email.com,2021-01-01
EM6149,kemmons,Kurt,Emmons,M,379 Lublin Parkway,Toscana,Livorno,74568,921960450089,ITA,Italy,kemmons557@email.com,2021-01-01
CO9608,acornish,Allan,Cornish,M,1658 Cuman Loop,Sumatera Selatan,Pangkal Pinang,51309,784907335610,IDN,Indonesia,acornish351@email.com,2021-01-01
CH7163,nchristenson,Nelson,Christenson,M,454 Qinhuangdao Drive,Tadla-Azilal,Beni-Mellal,25866,786270036240,MAR,Morocco,nchristenson87@email.com,2021-01-01
BR7220,gbrownlee,Guy,Brownlee,M,1715 Okayama Street,So Paulo,So Bernardo do Campo,55676,169352919175,BRA,Brazil,gbrownlee598@email.com,2021-01-01
BA8835,cbarbee,Clayton,Barbee,M,182 Nukualofa Drive,Sumy,Konotop,15414,426346224043,UKR,Ukraine,cbarbee543@email.com,2021-01-01
WA2843,hwaldrop,Hugh,Waldrop,M,390 Wroclaw Way,Hainan,Sanya,5753,357593328658,CHN,China,hwaldrop789@email.com,2021-01-01
PI6404,mpitt,Max,Pitt,M,1421 Quilmes Lane,Ishikawa,Kanazawa,19151,135407755975,JPN,Japan,mpitt786@email.com,2021-01-01
OL4424,dolvera,Dwayne,Olvera,M,947 Trshavn Place,Central Luzon,Tarlac,841,50898428626,PHL,Philippines,dolvera184@email.com,2021-01-01
LO5832,dlombardi,Dwight,Lombardi,M,1764 Jalib al-Shuyukh Parkway,Galicia,Santiago de Compostela,77642,84794532510,ESP,Spain,dlombardi860@email.com,2021-01-01
GR3616,agruber,Armando,Gruber,M,346 Cam Ranh Avenue,Zhejiang,Zhoushan,39976,978430786151,CHN,China,agruber566@email.com,2021-01-01
GA3821,fgaffney,Felix,Gaffney,M,1407 Pachuca de Soto Place,Rio Grande do Sul,Alvorada,26284,380077794770,BRA,Brazil,fgaffney742@email.com,2021-01-01
EG4023,jeggleston,Jimmie,Eggleston,M,904 Clarksville Drive,Zhejiang,Haining,52234,955349440539,CHN,China,jeggleston900@email.com,2021-01-01
AR3537,jarchuleta,Jordan,Archuleta,M,1447 Imus Place,Gujarat,Rajkot,12905,62127829280,IND,India,jarchuleta347@email.com,2021-01-01
ST1711,istill,Ian,Still,M,1497 Fengshan Drive,KwaZulu-Natal,Chatsworth,63022,368738360376,ZAF,South Africa,istill24@email.com,2021-01-01
SL8707,wslone,Wallace,Slone,M,869 Shikarpur Way,England,Southport,57380,590764256785,GBR,United Kingdom,wslone26@email.com,2021-01-01
PR9984,kprewitt,Ken,Prewitt,M,1059 Yuncheng Avenue,Vilna,Vilnius,47498,107092893983,LTU,Lithuania,kprewitt48@email.com,2021-01-01
PF6208,bpfeiffer,Bob,Pfeiffer,M,505 Madiun Boulevard,Dolnoslaskie,Wroclaw,97271,970638808606,POL,Poland,bpfeiffer734@email.com,2021-01-01
NE0624,jnettles,Jaime,Nettles,M,1741 Hoshiarpur Boulevard,al-Sharqiya,Bilbays,22372,855066328617,EGY,Egypt,jnettles432@email.com,2021-01-01
ME0447,cmena,Casey,Mena,F,1229 Varanasi (Benares) Manor,Buenos Aires,Avellaneda,40195,817740355461,ARG,Argentina,cmena849@email.com,2021-01-01
MC6220,amcadams,Alfredo,Mcadams,M,1894 Boa Vista Way,Texas,Garland,77464,239357986667,USA,United States of America,amcadams508@email.com,2021-01-01
HE8286,ahenning,Alberto,Henning,M,1342 Sharja Way,Sokoto & Kebbi & Zam,Sokoto,93655,946114054231,NGA,Nigeria,ahenning969@email.com,2021-01-01
GA2939,dgardiner,Dave,Gardiner,M,1342 Abha Boulevard,Bukarest,Bucuresti,10714,997453607116,ROU,Romania,dgardiner616@email.com,2021-01-01
CR7715,icromwell,Ivan,Cromwell,M,415 Pune Avenue,Shandong,Xintai,44274,203202500108,CHN,China,icromwell816@email.com,2021-01-01
CH2490,jchisholm,Johnnie,Chisholm,M,1746 Faaa Way,Huanuco,Hunuco,32515,863080561151,PER,Peru,jchisholm888@email.com,2021-01-01
BU7632,sburleson,Sidney,Burleson,M,539 Hami Way,Tokat,Tokat,52196,525518075499,TUR,Turkey,sburleson403@email.com,2021-01-01
BO1111,bbox,Byron,Box,M,1407 Surakarta Manor,Moskova,Serpuhov,33224,324346485054,RUS,Russian Federation,bbox117@email.com,2021-01-01
VE0064,jvest,Julian,Vest,M,502 Mandi Bahauddin Parkway,Anzotegui,Barcelona,15992,618156722572,VEN,Venezuela,jvest605@email.com,2021-01-01
OG4256,ioglesby,Isaac,Oglesby,M,1052 Pathankot Avenue,Sichuan,Leshan,77397,128499386727,CHN,China,ioglesby894@email.com,2021-01-01
MC3434,mmccarter,Morris,Mccarter,M,1351 Sousse Lane,Coahuila de Zaragoza,Monclova,37815,203804046132,MEX,Mexico,mmccarter446@email.com,2021-01-01
MA5144,cmalcolm,Clifton,Malcolm,M,1501 Pangkal Pinang Avenue,Mazowieckie,Plock,943,770864062795,POL,Poland,cmalcolm971@email.com,2021-01-01
LU9784,wlumpkin,Willard,Lumpkin,M,1405 Hagonoy Avenue,Slaskie,Czestochowa,86587,867287719310,POL,Poland,wlumpkin433@email.com,2021-01-01
GR1482,rgrey,Ross,Grey,M,923 Tangail Boulevard,Tokyo-to,Akishima,33384,315528269898,JPN,Japan,rgrey64@email.com,2021-01-01
WO9503,vwofford,Virgil,Wofford,M,186 Skikda Lane,Morelos,Cuernavaca,89422,14465669789,MEX,Mexico,vwofford221@email.com,2021-01-01
VA0491,avanhorn,Andy,Vanhorn,M,1568 Celaya Parkway,Kaohsiung,Fengshan,34750,278669994384,TWN,Taiwan,avanhorn147@email.com,2021-01-01
TH9821,mthorn,Marshall,Thorn,M,1489 Kakamigahara Lane,Taipei,Tanshui,98883,29341849811,TWN,Taiwan,mthorn16@email.com,2021-01-01
TE0200,steel,Salvador,Teel,M,1819 Alessandria Loop,Campeche,Carmen,53829,377633994405,MEX,Mexico,steel144@email.com,2021-01-01
SW3544,pswafford,Perry,Swafford,M,1208 Tama Loop,Ninawa,Mosul,73605,954786054144,IRQ,Iraq,pswafford130@email.com,2021-01-01
ST7605,kstclair,Kirk,Stclair,M,951 Springs Lane,Central Mindanao,Iligan,96115,165164761435,PHL,Philippines,kstclair361@email.com,2021-01-01
ST8636,sstanfield,Sergio,Stanfield,M,760 Miyakonojo Drive,Guerrero,Jos Azueta,64682,294449058179,MEX,Mexico,sstanfield605@email.com,2021-01-01
OC5049,mocampo,Marion,Ocampo,F,966 Asuncin Way,Hidalgo,Huejutla de Reyes,62703,995527378381,MEX,Mexico,mocampo995@email.com,2021-01-01
HE8571,therrmann,Tracy,Herrmann,F,1584 Ljubertsy Lane,England,Southampton,22954,285710089439,GBR,United Kingdom,therrmann86@email.com,2021-01-01
HA0145,shannon,Seth,Hannon,M,247 Jining Parkway,Banjul,Banjul,53446,170115379190,GMB,Gambia,shannon813@email.com,2021-01-01
AR2308,karsenault,Kent,Arsenault,M,773 Dallas Manor,Buenos Aires,Quilmes,12664,914466027044,ARG,Argentina,karsenault916@email.com,2021-01-01
RO7303,troush,Terrance,Roush,M,1923 Stara Zagora Lane,Nantou,Tsaotun,95179,182178609211,TWN,Taiwan,troush155@email.com,2021-01-01
MC3841,rmcalister,Rene,Mcalister,M,1402 Zanzibar Boulevard,Guanajuato,Celaya,71102,387448063440,MEX,Mexico,rmcalister439@email.com,2021-01-01
HI1868,ehiatt,Eduardo,Hiatt,M,1464 Kursk Parkway,Shandong,Weifang,17381,338758048786,CHN,China,ehiatt544@email.com,2021-01-01
GU0722,tgunderson,Terrence,Gunderson,M,1074 Sanaa Parkway,Loja,Loja,22474,154124128457,ECU,Ecuador,tgunderson566@email.com,2021-01-01
FO8777,eforsythe,Enrique,Forsythe,M,1759 Niznekamsk Avenue,al-Manama,al-Manama,39414,864392582257,BHR,Bahrain,eforsythe300@email.com,2021-01-01
DU3817,fduggan,Freddie,Duggan,M,32 Liaocheng Way,Minas Gerais,Juiz de Fora,1944,410877354933,BRA,Brazil,fduggan25@email.com,2021-01-01
DE8204,wdelvalle,Wade,Delvalle,M,42 Fontana Avenue,Fejr,Szkesfehrvr,14684,437829801725,HUN,Hungary,wdelvalle299@email.com,2021-01-01
CI3189,acintron,Austin,Cintron,M,1895 Zhezqazghan Drive,California,Garden Grove,36693,137809746111,USA,United States of America,acintron783@email.com,2021-01-01
SM7415,msmith,Mary,Smith,N,47 MySakila Drive,Alberta,Lethbridge,,,CAN,Canada,msmith92@email.com,2021-01-01
JO1691,pjohnson,Patricia,Johnson,F,28 MySQL Boulevard,QLD,Woodridge,,,AUS,Australia,pjohnson959@email.com,2021-01-01
WI0081,lwilliams,Linda,Williams,F,23 Workhaven Lane,Alberta,Lethbridge,,14033335568,CAN,Canada,lwilliams490@email.com,2021-01-01
JO5039,bjones,Barbara,Jones,F,1411 Lillydale Drive,QLD,Woodridge,,6172235589,AUS,Australia,bjones137@email.com,2021-01-01
BR7691,ebrown,Elizabeth,Brown,F,1913 Hanoi Way,Nagasaki,Sasebo,35200,28303384290,JPN,Japan,ebrown284@email.com,2021-01-01
DA2200,jdavis,Jennifer,Davis,F,1121 Loja Avenue,California,San Bernardino,17886,838635286649,USA,United States of America,jdavis330@email.com,2021-01-01
MI0960,mmiller,Maria,Miller,F,692 Joliet Street,Attika,Athenai,83579,448477190408,GRC,Greece,mmiller285@email.com,2021-01-01
WI7494,swilson,Susan,Wilson,F,1566 Inegl Manor,Mandalay,Myingyan,53561,705814003527,MMR,Myanmar,swilson397@email.com,2021-01-01
MO2026,mmoore,Margaret,Moore,F,53 Idfu Parkway,Nantou,Nantou,42399,10655648674,TWN,Taiwan,mmoore248@email.com,2021-01-01
TA6067,dtaylor,Dorothy,Taylor,F,1795 Santiago de Compostela Way,Texas,Laredo,18743,860452626434,USA,United States of America,dtaylor591@email.com,2021-01-01
TH9692,nthomas,Nancy,Thomas,F,478 Joliet Way,Hamilton,Hamilton,77948,657282285970,NZL,New Zealand,nthomas837@email.com,2021-01-01
JA2378,kjackson,Karen,Jackson,F,613 Korolev Drive,Masqat,Masqat,45844,380657522649,OMN,Oman,kjackson806@email.com,2021-01-01
WH6752,bwhite,Betty,White,F,1531 Sal Drive,Esfahan,Esfahan,53628,648856936185,IRN,Iran,bwhite777@email.com,2021-01-01
HA9532,hharris,Helen,Harris,F,1542 Tarlac Parkway,Kanagawa,Sagamihara,1027,635297277345,JPN,Japan,hharris99@email.com,2021-01-01
MA9650,smartin,Sandra,Martin,F,808 Bhopal Manor,Haryana,Yamuna Nagar,10672,465887807014,IND,India,smartin720@email.com,2021-01-01
TH8947,dthompson,Donna,Thompson,F,270 Amroha Parkway,Osmaniye,Osmaniye,29610,695479687538,TUR,Turkey,dthompson693@email.com,2021-01-01
GA8067,cgarcia,Carol,Garcia,F,770 Bydgoszcz Avenue,California,Citrus Heights,16266,517338314235,USA,United States of America,cgarcia193@email.com,2021-01-01
MA6597,rmartinez,Ruth,Martinez,F,419 Iligan Lane,Madhya Pradesh,Bhopal,72878,990911107354,IND,India,rmartinez791@email.com,2021-01-01
RO8783,srobinson,Sharon,Robinson,F,360 Toulouse Parkway,England,Southend-on-Sea,54308,949312333307,GBR,United Kingdom,srobinson191@email.com,2021-01-01
CL6862,mclark,Michelle,Clark,F,270 Toulon Boulevard,Kalmykia,Elista,81766,407752414682,RUS,Russian Federation,mclark781@email.com,2021-01-01
RO3629,lrodriguez,Laura,Rodriguez,F,320 Brest Avenue,Kaduna,Kaduna,43331,747791594069,NGA,Nigeria,lrodriguez962@email.com,2021-01-01
LE5354,slewis,Sarah,Lewis,F,1417 Lancaster Avenue,Northern Cape,Kimberley,72192,272572357893,ZAF,South Africa,slewis295@email.com,2021-01-01
LE4115,klee,Kimberly,Lee,F,1688 Okara Way,Nothwest Border Prov,Mardan,21954,144453869132,PAK,Pakistan,klee96@email.com,2021-01-01
WA0941,dwalker,Deborah,Walker,F,262 A Corua (La Corua) Parkway,Dhaka,Tangail,34418,892775750063,BGD,Bangladesh,dwalker558@email.com,2021-01-01
HA9943,jhall,Jessica,Hall,F,28 Charlotte Amalie Street,Rabat-Sal-Zammour-Z,Sal,37551,161968374323,MAR,Morocco,jhall844@email.com,2021-01-01
AL6634,sallen,Shirley,Allen,F,1780 Hino Boulevard,Liepaja,Liepaja,7716,902731229323,LVA,Latvia,sallen552@email.com,2021-01-01
YO8047,cyoung,Cynthia,Young,F,96 Tafuna Way,Crdoba,Crdoba,99865,934730187245,ARG,Argentina,cyoung793@email.com,2021-01-01
HE0413,ahernandez,Angela,Hernandez,F,934 San Felipe de Puerto Plata Street,Sind,Shikarpur,99780,196495945706,PAK,Pakistan,ahernandez676@email.com,2021-01-01
WR6207,bwright,Brenda,Wright,F,217 Botshabelo Place,Southern Mindanao,Davao,49521,665356572025,PHL,Philippines,bwright781@email.com,2021-01-01
LO2799,alopez,Amy,Lopez,F,1425 Shikarpur Manor,Bihar,Munger (Monghyr),65599,678220867005,IND,India,alopez643@email.com,2021-01-01
HI1950,ahill,Anna,Hill,F,786 Aurora Avenue,Yamaguchi,Shimonoseki,65750,18461860151,JPN,Japan,ahill369@email.com,2021-01-01
SC7703,rscott,Rebecca,Scott,F,1668 Anpolis Street,Taipei,Lungtan,50199,525255540978,TWN,Taiwan,rscott240@email.com,2021-01-01
GR8653,vgreen,Virginia,Green,F,33 Gorontalo Way,West Bengali,Kamarhati,30348,745994947458,IND,India,vgreen229@email.com,2021-01-01
AD6047,kadams,Kathleen,Adams,F,176 Mandaluyong Place,Uttar Pradesh,Jhansi,65213,627705991774,IND,India,kadams96@email.com,2021-01-01
BA3457,pbaker,Pamela,Baker,F,127 Purnea (Purnia) Manor,Piemonte,Alessandria,79388,911872220378,ITA,Italy,pbaker195@email.com,2021-01-01
GO8445,mgonzalez,Martha,Gonzalez,F,61 Tama Street,Okayama,Kurashiki,94065,708403338270,JPN,Japan,mgonzalez561@email.com,2021-01-01
NE2735,dnelson,Debra,Nelson,F,391 Callao Drive,Midi-Pyrnes,Toulouse,34021,440512153169,FRA,France,dnelson13@email.com,2021-01-01
CA1398,acarter,Amanda,Carter,F,334 Munger (Monghyr) Lane,Markazi,Arak,38145,481183273622,IRN,Iran,acarter604@email.com,2021-01-01
MI8895,smitchell,Stephanie,Mitchell,F,1440 Fukuyama Loop,Henan,Nanyang,47929,912257250465,CHN,China,smitchell790@email.com,2021-01-01
RO9792,croberts,Christine,Roberts,F,306 Antofagasta Place,Esprito Santo,Vila Velha,3989,378318851631,BRA,Brazil,croberts630@email.com,2021-01-01
TU7790,mturner,Marie,Turner,F,671 Graz Street,Oriental,Nador,94399,680768868518,MAR,Morocco,mturner807@email.com,2021-01-01
PH1675,jphillips,Janet,Phillips,F,42 Brindisi Place,Yerevan,Yerevan,16744,42384721397,ARM,Armenia,jphillips72@email.com,2021-01-01
CA0546,ccampbell,Catherine,Campbell,F,1632 Bislig Avenue,Nonthaburi,Pak Kret,61117,471675840679,THA,Thailand,ccampbell221@email.com,2021-01-01
PA3075,fparker,Frances,Parker,F,1447 Imus Way,Tahiti,Faaa,48942,539758313890,PYF,French Polynesia,fparker438@email.com,2021-01-01
EV1647,aevans,Ann,Evans,F,1998 Halifax Drive,Lipetsk,Lipetsk,76022,177727722820,RUS,Russian Federation,aevans391@email.com,2021-01-01
ED6500,jedwards,Joyce,Edwards,F,1718 Valencia Street,Antofagasta,Antofagasta,37359,675292816413,CHL,Chile,jedwards315@email.com,2021-01-01
CO4836,dcollins,Diane,Collins,F,46 Pjatigorsk Lane,Moscow (City),Moscow,23616,262076994845,RUS,Russian Federation,dcollins44@email.com,2021-01-01
ST0887,astewart,Alice,Stewart,F,686 Garland Manor,Cear,Juazeiro do Norte,52535,69493378813,BRA,Brazil,astewart688@email.com,2021-01-01
SA6865,jsanchez,Julie,Sanchez,F,909 Garland Manor,Tatarstan,Niznekamsk,69367,705800322606,RUS,Russian Federation,jsanchez656@email.com,2021-01-01
MO0533,hmorris,Heather,Morris,F,725 Isesaki Place,Mekka,Jedda,74428,876295323994,SAU,Saudi Arabia,hmorris86@email.com,2021-01-01
RO2034,trogers,Teresa,Rogers,F,115 Hidalgo Parkway,Khartum,Omdurman,80168,307703950263,SDN,Sudan,trogers255@email.com,2021-01-01
RE1334,dreed,Doris,Reed,F,1135 Izumisano Parkway,California,Fontana,48150,171822533480,USA,United States of America,dreed5@email.com,2021-01-01
CO0498,gcook,Gloria,Cook,F,939 Probolinggo Loop,Galicia,A Corua (La Corua),4166,680428310138,ESP,Spain,gcook978@email.com,2021-01-01
MO1763,emorgan,Evelyn,Morgan,F,17 Kabul Boulevard,Chiba,Nagareyama,38594,697760867968,JPN,Japan,emorgan595@email.com,2021-01-01
BE6673,jbell,Jean,Bell,M,1964 Allappuzha (Alleppey) Street,Yamaguchi,Iwakuni,48980,920811325222,JPN,Japan,jbell415@email.com,2021-01-01
MU0880,cmurphy,Cheryl,Murphy,F,1697 Kowloon and New Kowloon Loop,Moskova,Balaiha,57807,499352017190,RUS,Russian Federation,cmurphy453@email.com,2021-01-01
BA0983,mbailey,Mildred,Bailey,F,1668 Saint Louis Place,Tahiti,Papeete,39072,347487831378,PYF,French Polynesia,mbailey347@email.com,2021-01-01
RI1586,krivera,Katherine,Rivera,F,943 Tokat Street,Vaduz,Vaduz,45428,889318963672,LIE,Liechtenstein,krivera653@email.com,2021-01-01
CO5788,jcooper,Joan,Cooper,F,1114 Liepaja Street,Sarawak,Kuching,69226,212869228936,MYS,Malaysia,jcooper449@email.com,2021-01-01
RI8255,arichardson,Ashley,Richardson,F,1213 Ranchi Parkway,Karnataka,Mysore,94352,800024380485,IND,India,arichardson585@email.com,2021-01-01
CO5964,jcox,Judith,Cox,F,81 Hodeida Way,Rajasthan,Jaipur,55561,250767749542,IND,India,jcox1@email.com,2021-01-01
HO9297,rhoward,Rose,Howard,F,915 Ponce Place,Basel-Stadt,Basel,83980,1395251317,CHE,Switzerland,rhoward86@email.com,2021-01-01
WA6812,jward,Janice,Ward,F,1717 Guadalajara Lane,Missouri,Saint Louis,85505,914090181665,USA,United States of America,jward717@email.com,2021-01-01
TO6512,ktorres,Kelly,Torres,F,1214 Hanoi Way,Nebraska,Lincoln,67055,491001136577,USA,United States of America,ktorres126@email.com,2021-01-01
PE8450,npeterson,Nicole,Peterson,F,1966 Amroha Avenue,Sichuan,Daxian,70385,333489324603,CHN,China,npeterson649@email.com,2021-01-01
GR9405,jgray,Judy,Gray,F,698 Otsu Street,Cayenne,Cayenne,71110,409983924481,GUF,French Guiana,jgray817@email.com,2021-01-01
RA4110,cramirez,Christina,Ramirez,F,1150 Kimchon Manor,Skne ln,Malm,96109,663449333709,SWE,Sweden,cramirez669@email.com,2021-01-01
JA0592,kjames,Kathy,James,F,1586 Guaruj Place,Hunan,Xiangtan,5135,947233365992,CHN,China,kjames963@email.com,2021-01-01
WA0446,twatson,Theresa,Watson,F,57 Arlington Manor,Madhya Pradesh,Shivapuri,48960,990214419142,IND,India,twatson676@email.com,2021-01-01
BR2138,bbrooks,Beverly,Brooks,F,1031 Daugavpils Parkway,Bchar,Bchar,59025,107137400143,DZA,Algeria,bbrooks139@email.com,2021-01-01
KE9614,dkelly,Denise,Kelly,F,1124 Buenaventura Drive,Mekka,al-Hawiya,6856,407733804223,SAU,Saudi Arabia,dkelly237@email.com,2021-01-01
SA9073,tsanders,Tammy,Sanders,F,492 Cam Ranh Street,Eastern Visayas,Baybay,50805,565018274456,PHL,Philippines,tsanders789@email.com,2021-01-01
PR7168,iprice,Irene,Price,F,89 Allappuzha (Alleppey) Manor,National Capital Reg,Taguig,75444,255800440636,PHL,Philippines,iprice460@email.com,2021-01-01
BE4999,jbennett,Jane,Bennett,F,1947 Poos de Caldas Boulevard,Chiayi,Chiayi,60951,427454485876,TWN,Taiwan,jbennett411@email.com,2021-01-01
WO4192,lwood,Lori,Wood,F,1206 Dos Quebradas Place,So Paulo,Rio Claro,20207,241832790687,BRA,Brazil,lwood765@email.com,2021-01-01
BA3819,rbarnes,Rachel,Barnes,F,1551 Rampur Lane,Changhwa,Changhwa,72394,251164340471,TWN,Taiwan,rbarnes242@email.com,2021-01-01
HE0301,ahenderson,Andrea,Henderson,F,1692 Ede Loop,So Paulo,Araatuba,9223,918711376618,BRA,Brazil,ahenderson775@email.com,2021-01-01
CO4834,kcoleman,Kathryn,Coleman,F,936 Salzburg Lane,Uttar Pradesh,Rae Bareli,96709,875756771675,IND,India,kcoleman643@email.com,2021-01-01
JE9168,ljenkins,Louise,Jenkins,F,586 Tete Way,Kanagawa,Kamakura,1079,18581624103,JPN,Japan,ljenkins943@email.com,2021-01-01
PE2223,sperry,Sara,Perry,F,1888 Kabul Drive,Oyo & Osun,Ife,20936,701457319790,NGA,Nigeria,sperry150@email.com,2021-01-01
PO5269,apowell,Anne,Powell,F,320 Baiyin Parkway,Mahajanga,Mahajanga,37307,223664661973,MDG,Madagascar,apowell721@email.com,2021-01-01
LO0534,jlong,Jacqueline,Long,F,927 Baha Blanca Parkway,Krim,Simferopol,9495,821972242086,UKR,Ukraine,jlong832@email.com,2021-01-01
PA1968,wpatterson,Wanda,Patterson,F,929 Tallahassee Loop,Gauteng,Springs,74671,800716535041,ZAF,South Africa,wpatterson515@email.com,2021-01-01
HU4773,bhughes,Bonnie,Hughes,F,125 Citt del Vaticano Boulevard,Puebla,Atlixco,67912,48417642933,MEX,Mexico,bhughes360@email.com,2021-01-01
FL3872,jflores,Julia,Flores,F,1557 Ktahya Boulevard,England,Bradford,88002,720998247660,GBR,United Kingdom,jflores613@email.com,2021-01-01
WA9515,rwashington,Ruby,Washington,F,870 Ashqelon Loop,Songkhla,Songkhla,84931,135117278909,THA,Thailand,rwashington828@email.com,2021-01-01
BU1790,lbutler,Lois,Butler,F,1740 Portoviejo Avenue,Sucre,Sincelejo,29932,198123170793,COL,Colombia,lbutler753@email.com,2021-01-01
SI7469,tsimmons,Tina,Simmons,F,1942 Ciparay Parkway,Cheju,Cheju,82624,978987363654,KOR,Republic of Korea,tsimmons773@email.com,2021-01-01
FO2677,pfoster,Phyllis,Foster,F,1926 El Alto Avenue,Buenos Aires,La Plata,75543,846225459260,ARG,Argentina,pfoster490@email.com,2021-01-01
GO5414,ngonzales,Norma,Gonzales,F,1952 Chatsworth Drive,Guangdong,Meixian,25958,991562402283,CHN,China,ngonzales961@email.com,2021-01-01
AL9833,dalexander,Diana,Alexander,F,984 Effon-Alaiye Avenue,Gois,Goinia,17119,132986892228,BRA,Brazil,dalexander150@email.com,2021-01-01
RU5204,arussell,Annie,Russell,F,832 Nakhon Sawan Manor,Inner Mongolia,Zalantun,49021,275595571388,CHN,China,arussell224@email.com,2021-01-01
GR4228,lgriffin,Lillian,Griffin,F,152 Kitwe Parkway,Caraga,Bislig,53182,835433605312,PHL,Philippines,lgriffin624@email.com,2021-01-01
DI7277,ediaz,Emily,Diaz,F,1697 Tanauan Lane,Punjab,Pathankot,22870,4764773857,IND,India,ediaz14@email.com,2021-01-01
HA1285,rhayes,Robin,Hayes,M,1308 Arecibo Way,Georgia,Augusta-Richmond County,30695,6171054059,USA,United States of America,rhayes39@email.com,2021-01-01
MY2100,pmyers,Peggy,Myers,F,1599 Plock Drive,Tete,Tete,71986,817248913162,MOZ,Mozambique,pmyers132@email.com,2021-01-01
FO4798,cford,Crystal,Ford,F,669 Firozabad Loop,Abu Dhabi,al-Ayn,92265,412903167998,ARE,United Arab Emirates,cford207@email.com,2021-01-01
HA1542,ghamilton,Gladys,Hamilton,F,588 Vila Velha Manor,Kyongsangbuk,Kimchon,51540,333339908719,KOR,Republic of Korea,ghamilton253@email.com,2021-01-01
GR0257,rgraham,Rita,Graham,F,1913 Kamakura Place,Lipetsk,Jelets,97287,942570536750,RUS,Russian Federation,rgraham714@email.com,2021-01-01
SU3158,dsullivan,Dawn,Sullivan,F,733 Mandaluyong Place,Asir,Abha,77459,196568435814,SAU,Saudi Arabia,dsullivan531@email.com,2021-01-01
WA0763,cwallace,Connie,Wallace,F,659 Vaduz Drive,Ha Darom,Ashdod,49708,709935135487,ISR,Israel,cwallace396@email.com,2021-01-01
WO9610,fwoods,Florence,Woods,F,1177 Jelets Way,Kwara & Kogi,Ilorin,3305,484292626944,NGA,Nigeria,fwoods141@email.com,2021-01-01
CO4720,tcole,Tracy,Cole,F,1386 Yangor Avenue,Provence-Alpes-Cte,Toulon,80720,449216226468,FRA,France,tcole197@email.com,2021-01-01
WE0489,ewest,Edna,West,F,454 Nakhon Sawan Boulevard,Funafuti,Funafuti,76383,963887147572,TUV,Tuvalu,ewest408@email.com,2021-01-01
JO1527,tjordan,Tiffany,Jordan,F,1867 San Juan Bautista Tuxtepec Avenue,Ivanovo,Ivanovo,78311,547003310357,RUS,Russian Federation,tjordan517@email.com,2021-01-01
OW3157,cowens,Carmen,Owens,F,1532 Dzerzinsk Way,Buenos Aires,Merlo,9599,330838016880,ARG,Argentina,cowens757@email.com,2021-01-01
RE8677,rreynolds,Rosa,Reynolds,F,1002 Ahmadnagar Manor,Mxico,Huixquilucan,93026,371490777743,MEX,Mexico,rreynolds45@email.com,2021-01-01
FI1627,cfisher,Cindy,Fisher,F,682 Junan Way,North West,Klerksdorp,30418,622255216127,ZAF,South Africa,cfisher770@email.com,2021-01-01
EL3615,gellis,Grace,Ellis,F,804 Elista Drive,Hubei,Enshi,61069,379804592943,CHN,China,gellis472@email.com,2021-01-01
HA1234,wharrison,Wendy,Harrison,F,1378 Alvorada Avenue,Distrito Federal,Caracas,75834,272234298332,VEN,Venezuela,wharrison98@email.com,2021-01-01
GI6098,vgibson,Victoria,Gibson,F,793 Cam Ranh Avenue,California,Lancaster,87057,824370924746,USA,United States of America,vgibson88@email.com,2021-01-01
MC4389,emcdonald,Edith,Mcdonald,F,1079 Tel Aviv-Jaffa Boulevard,Sucre,Cuman,10885,358178933857,VEN,Venezuela,emcdonald856@email.com,2021-01-01
CR3404,kcruz,Kim,Cruz,F,442 Rae Bareli Place,Nordrhein-Westfalen,Duisburg,24321,886636413768,DEU,Germany,kcruz816@email.com,2021-01-01
MA1095,smarshall,Sherry,Marshall,F,1107 Nakhon Sawan Avenue,Mxico,Nezahualcyotl,75149,867546627903,MEX,Mexico,smarshall701@email.com,2021-01-01
OR8220,sortiz,Sylvia,Ortiz,F,544 Malm Parkway,Central Java,Pemalang,63502,386759646229,IDN,Indonesia,sortiz878@email.com,2021-01-01
GO6803,jgomez,Josephine,Gomez,F,1967 Sincelejo Place,Gujarat,Gandhinagar,73644,577812616052,IND,India,jgomez380@email.com,2021-01-01
MU3114,tmurray,Thelma,Murray,F,333 Goinia Way,Texas,Grand Prairie,78625,909029256431,USA,United States of America,tmurray712@email.com,2021-01-01
FR4185,sfreeman,Shannon,Freeman,F,1987 Coacalco de Berriozbal Loop,al-Qalyubiya,Shubra al-Khayma,96065,787654415858,EGY,Egypt,sfreeman692@email.com,2021-01-01
WE8024,swells,Sheila,Wells,F,241 Mosul Lane,Risaralda,Dos Quebradas,76157,765345144779,COL,Colombia,swells496@email.com,2021-01-01
WE3922,ewebb,Ethel,Webb,F,211 Chiayi Drive,Uttar Pradesh,Etawah,58186,665993880048,IND,India,ewebb213@email.com,2021-01-01
SI1573,esimpson,Ellen,Simpson,F,1175 Tanauan Way,Lima,Lima,64615,937222955822,PER,Peru,esimpson249@email.com,2021-01-01
ST4092,estevens,Elaine,Stevens,F,117 Boa Vista Way,Uttar Pradesh,Varanasi (Benares),6804,677976133614,IND,India,estevens675@email.com,2021-01-01
TU0142,mtucker,Marjorie,Tucker,F,848 Tafuna Manor,Ktahya,Ktahya,45142,614935229095,TUR,Turkey,mtucker191@email.com,2021-01-01
PO5218,cporter,Carrie,Porter,F,569 Baicheng Lane,Gauteng,Boksburg,60304,490211944645,ZAF,South Africa,cporter99@email.com,2021-01-01
HU9574,chunter,Charlotte,Hunter,F,1666 Qomsheh Drive,So Paulo,Po,66255,582835362905,BRA,Brazil,chunter677@email.com,2021-01-01
HI1276,mhicks,Monica,Hicks,F,801 Hagonoy Drive,Smolensk,Smolensk,8439,237426099212,RUS,Russian Federation,mhicks848@email.com,2021-01-01
CR6730,ecrawford,Esther,Crawford,F,1050 Garden Grove Avenue,Slaskie,Jastrzebie-Zdrj,4999,973047364353,POL,Poland,ecrawford788@email.com,2021-01-01
HE8665,phenry,Pauline,Henry,F,1854 Tieli Street,Shandong,Liaocheng,15819,509492324775,CHN,China,phenry983@email.com,2021-01-01
BO7569,eboyd,Emma,Boyd,F,758 Junan Lane,Gois,guas Lindas de Gois,82639,935448624185,BRA,Brazil,eboyd337@email.com,2021-01-01
MA6411,jmason,Juanita,Mason,F,1752 So Leopoldo Parkway,Taka-Karpatia,Mukateve,14014,252265130067,UKR,Ukraine,jmason985@email.com,2021-01-01
MO2685,amorales,Anita,Morales,F,898 Belm Manor,Free State,Botshabelo,49757,707169393853,ZAF,South Africa,amorales111@email.com,2021-01-01
KE6541,rkennedy,Rhonda,Kennedy,F,261 Saint Louis Way,Coahuila de Zaragoza,Torren,83401,321944036800,MEX,Mexico,rkennedy112@email.com,2021-01-01
WA2490,hwarren,Hazel,Warren,F,765 Southampton Drive,al-Qalyubiya,Qalyub,4285,23712411567,EGY,Egypt,hwarren299@email.com,2021-01-01
DI3187,adixon,Amber,Dixon,F,943 Johannesburg Avenue,Maharashtra,Pune,5892,90921003005,IND,India,adixon797@email.com,2021-01-01
RA7787,eramos,Eva,Ramos,F,788 Atinsk Street,Karnataka,Hubli-Dharwad,81691,146497509724,IND,India,eramos253@email.com,2021-01-01
RE8424,dreyes,Debbie,Reyes,F,1749 Daxian Place,Gelderland,Apeldoorn,11044,963369996279,NLD,Netherlands,dreyes183@email.com,2021-01-01
BU3229,aburns,April,Burns,F,1587 Sullana Lane,Inner Mongolia,Hohhot,85769,468060467018,CHN,China,aburns610@email.com,2021-01-01
GO4658,lgordon,Leslie,Gordon,F,1029 Dzerzinsk Manor,Ynlin,Touliu,57519,33173584456,TWN,Taiwan,lgordon6@email.com,2021-01-01
SH0883,cshaw,Clara,Shaw,F,1666 Beni-Mellal Place,Tennessee,Clarksville,13377,9099941466,USA,United States of America,cshaw796@email.com,2021-01-01
HO4310,lholmes,Lucille,Holmes,F,928 Jaffna Loop,Hiroshima,Fukuyama,93762,581852137991,JPN,Japan,lholmes7@email.com,2021-01-01
RI7185,jrice,Jamie,Rice,F,483 Ljubertsy Parkway,Scotland,Dundee,60562,581174211853,GBR,United Kingdom,jrice114@email.com,2021-01-01
RO3793,jrobertson,Joanne,Robertson,F,374 Bat Yam Boulevard,Kilis,Kilis,97700,923261616249,TUR,Turkey,jrobertson845@email.com,2021-01-01
HU7010,ehunt,Eleanor,Hunt,F,1027 Songkhla Manor,Minsk,Molodetno,30861,563660187896,BLR,Belarus,ehunt650@email.com,2021-01-01
BL5507,vblack,Valerie,Black,F,999 Sanaa Loop,Gauteng,Soshanguve,3439,918032330119,ZAF,South Africa,vblack622@email.com,2021-01-01
DA2606,ddaniels,Danielle,Daniels,F,879 Newcastle Way,Michigan,Sterling Heights,90732,206841104594,USA,United States of America,ddaniels741@email.com,2021-01-01
PA9810,mpalmer,Megan,Palmer,F,1337 Lincoln Parkway,Saitama,Urawa,99457,597815221267,JPN,Japan,mpalmer47@email.com,2021-01-01
MI8241,amills,Alicia,Mills,F,1952 Pune Lane,Saint-Denis,Saint-Denis,92150,354615066969,REU,Réunion,amills489@email.com,2021-01-01
NI4443,snichols,Suzanne,Nichols,F,782 Mosul Street,Massachusetts,Brockton,25545,885899703621,USA,United States of America,snichols496@email.com,2021-01-01
GR5693,mgrant,Michele,Grant,F,781 Shimonoseki Drive,Michoacn de Ocampo,Hidalgo,95444,632316273199,MEX,Mexico,mgrant352@email.com,2021-01-01
KN2943,gknight,Gail,Knight,F,1560 Jelets Boulevard,Shandong,Laiwu,77777,189446090264,CHN,China,gknight325@email.com,2021-01-01
FE4261,bferguson,Bertha,Ferguson,F,1963 Moscow Place,Assam,Nagaon,64863,761379480249,IND,India,bferguson612@email.com,2021-01-01
RO4793,drose,Darlene,Rose,F,456 Escobar Way,Jakarta Raya,Jakarta,36061,719202533520,IDN,Indonesia,drose961@email.com,2021-01-01
ST3322,vstone,Veronica,Stone,F,798 Cianjur Avenue,Shanxi,Yuncheng,76990,499408708580,CHN,China,vstone234@email.com,2021-01-01
HA5831,jhawkins,Jill,Hawkins,F,185 Novi Sad Place,Bern,Bern,41778,904253967161,CHE,Switzerland,jhawkins974@email.com,2021-01-01
DU2298,edunn,Erin,Dunn,F,1367 Yantai Manor,Ondo & Ekiti,Ondo,21294,889538496300,NGA,Nigeria,edunn773@email.com,2021-01-01
PE0851,gperkins,Geraldine,Perkins,F,1386 Nakhon Sawan Boulevard,Pyongyang-si,Pyongyang,53502,368899174225,KOR,Republic of Korea,gperkins158@email.com,2021-01-01
HU7908,lhudson,Lauren,Hudson,F,369 Papeete Way,North Carolina,Greensboro,66639,170117068815,USA,United States of America,lhudson157@email.com,2021-01-01
SP1869,cspencer,Cathy,Spencer,F,1440 Compton Place,North Austria,Linz,81037,931059836497,AUT,Austria,cspencer60@email.com,2021-01-01
GA8504,jgardner,Joann,Gardner,F,1623 Baha Blanca Manor,Moskova,Ljubertsy,81511,149981248346,RUS,Russian Federation,jgardner161@email.com,2021-01-01
ST3840,lstephens,Lorraine,Stephens,F,97 Shimoga Avenue,Tel Aviv,Tel Aviv-Jaffa,44660,177167004331,ISR,Israel,lstephens707@email.com,2021-01-01
PA1733,lpayne,Lynn,Payne,F,1740 Le Mans Loop,Pays de la Loire,Le Mans,22853,168476538960,FRA,France,lpayne982@email.com,2021-01-01
PI9028,spierce,Sally,Pierce,F,1287 Xiangfan Boulevard,Gifu,Kakamigahara,57844,819416131190,JPN,Japan,spierce750@email.com,2021-01-01
BE3662,rberry,Regina,Berry,F,842 Salzburg Lane,Adana,Tarsus,3313,697151428760,TUR,Turkey,rberry675@email.com,2021-01-01
MA5254,ematthews,Erica,Matthews,F,154 Tallahassee Loop,Xinxiang,Hami,62250,935508855935,CHN,China,ematthews338@email.com,2021-01-01
AR4876,barnold,Beatrice,Arnold,F,710 San Felipe del Progreso Avenue,Lilongwe,Lilongwe,76901,843801144113,MWI,Malawi,barnold748@email.com,2021-01-01
WA4404,dwagner,Dolores,Wagner,F,1540 Wroclaw Drive,Maharashtra,Chandrapur,62686,182363341674,IND,India,dwagner466@email.com,2021-01-01
WI6419,bwillis,Bernice,Willis,F,475 Atinsk Way,Gansu,Jinchang,59571,201705577290,CHN,China,bwillis557@email.com,2021-01-01
RA7044,aray,Audrey,Ray,F,1294 Firozabad Drive,Jiangxi,Pingxiang,70618,161801569569,CHN,China,aray856@email.com,2021-01-01
WA4686,ywatkins,Yvonne,Watkins,F,1877 Ezhou Lane,Rajasthan,Udaipur,63337,264541743403,IND,India,ywatkins734@email.com,2021-01-01
OL4475,aolson,Annette,Olson,F,316 Uruapan Street,Perak,Ipoh,58194,275788967899,MYS,Malaysia,aolson450@email.com,2021-01-01
CA1532,jcarroll,June,Carroll,F,29 Pyongyang Loop,Batman,Batman,47753,734780743462,TUR,Turkey,jcarroll982@email.com,2021-01-01
DU4456,sduncan,Samantha,Duncan,F,1010 Klerksdorp Way,Steiermark,Graz,6802,493008546874,AUT,Austria,sduncan408@email.com,2021-01-01
SN3271,msnyder,Marion,Snyder,F,1848 Salala Boulevard,Miranda,Ocumare del Tuy,25220,48265851133,VEN,Venezuela,msnyder433@email.com,2021-01-01
HA6191,dhart,Dana,Hart,F,431 Xiangtan Avenue,Kerala,Allappuzha (Alleppey),4854,230250973122,IND,India,dhart89@email.com,2021-01-01
CU3674,scunningham,Stacy,Cunningham,F,757 Rustenburg Avenue,Skikda,Skikda,89668,506134035434,DZA,Algeria,scunningham645@email.com,2021-01-01
BR2670,abradley,Ana,Bradley,F,146 Johannesburg Way,Tamaulipas,Matamoros,54132,953689007081,MEX,Mexico,abradley443@email.com,2021-01-01
LA4519,rlane,Renee,Lane,F,1891 Rizhao Boulevard,So Paulo,Santa Brbara dOeste,47288,391065549876,BRA,Brazil,rlane978@email.com,2021-01-01
AN0389,iandrews,Ida,Andrews,F,1089 Iwatsuki Avenue,Kirov,Kirovo-Tepetsk,35109,866092335135,RUS,Russian Federation,iandrews573@email.com,2021-01-01
RU4470,vruiz,Vivian,Ruiz,F,1410 Benin City Parkway,Risaralda,Pereira,29747,104150372603,COL,Colombia,vruiz837@email.com,2021-01-01
HA1247,rharper,Roberta,Harper,F,682 Garden Grove Place,Tennessee,Memphis,67497,72136330362,USA,United States of America,rharper716@email.com,2021-01-01
FO8541,hfox,Holly,Fox,F,533 al-Ayn Boulevard,California,Compton,8862,662227486184,USA,United States of America,hfox661@email.com,2021-01-01
RI7424,briley,Brittany,Riley,F,1839 Szkesfehrvr Parkway,Gois,Luzinia,55709,947468818183,BRA,Brazil,briley538@email.com,2021-01-01
AR2168,marmstrong,Melanie,Armstrong,F,741 Ambattur Manor,Noord-Brabant,s-Hertogenbosch,43310,302590383819,NLD,Netherlands,marmstrong427@email.com,2021-01-01
CA8559,lcarpenter,Loretta,Carpenter,F,927 Barcelona Street,Chaharmahal va Bakht,Shahr-e Kord,65121,951486492670,IRN,Iran,lcarpenter877@email.com,2021-01-01
WE8962,yweaver,Yolanda,Weaver,F,435 0 Way,West Bengali,Haldia,74750,760171523969,IND,India,yweaver890@email.com,2021-01-01
GR0985,jgreene,Jeanette,Greene,O,140 Chiayi Parkway,Sumy,Sumy,38982,855863906434,UKR,Ukraine,jgreene979@email.com,2021-01-01
LA1726,llawrence,Laurie,Lawrence,F,1166 Changhwa Street,Caraga,Bayugan,58852,650752094490,PHL,Philippines,llawrence533@email.com,2021-01-01
EL9168,kelliott,Katie,Elliott,F,891 Novi Sad Manor,Ontario,Oshawa,5379,247646995453,CAN,Canada,kelliott775@email.com,2021-01-01
SI6996,vsims,Vanessa,Sims,F,1077 San Felipe de Puerto Plata Place,Rostov-na-Donu,Novoterkassk,65387,812824036424,RUS,Russian Federation,vsims399@email.com,2021-01-01
AU7506,aaustin,Alma,Austin,F,9 San Miguel de Tucumn Manor,Uttar Pradesh,Firozabad,90845,956188728558,IND,India,aaustin490@email.com,2021-01-01
PE2934,speters,Sue,Peters,F,447 Surakarta Loop,Nyanza,Kisumu,10428,940830176580,KEN,Kenya,speters854@email.com,2021-01-01
KE4750,ekelley,Elsie,Kelley,F,345 Oshawa Boulevard,Tokyo-to,Hino,32114,104491201771,JPN,Japan,ekelley178@email.com,2021-01-01
FR6388,bfranklin,Beth,Franklin,F,1792 Valle de la Pascua Place,Nordrhein-Westfalen,Siegen,15540,419419591240,DEU,Germany,bfranklin49@email.com,2021-01-01
LA2422,jlawson,Jeanne,Lawson,F,1074 Binzhou Manor,Baden-Wrttemberg,Mannheim,36490,331132568928,DEU,Germany,jlawson59@email.com,2021-01-01
FI3641,vfields,Vicki,Fields,F,817 Bradford Loop,Jiangsu,Changzhou,89459,264286442804,CHN,China,vfields497@email.com,2021-01-01
GU8685,cgutierrez,Carla,Gutierrez,N,955 Bamenda Way,Ondo & Ekiti,Ikerre,1545,768481779568,NGA,Nigeria,cgutierrez21@email.com,2021-01-01
RY8700,tryan,Tara,Ryan,F,1149 A Corua (La Corua) Boulevard,Haiphong,Haiphong,95824,470884141195,VNM,Vietnam,tryan277@email.com,2021-01-01
SC2041,rschmidt,Rosemary,Schmidt,F,387 Mwene-Ditu Drive,Ahal,Ashgabat,8073,764477681869,TKM,Turkmenistan,rschmidt495@email.com,2021-01-01
CA7520,ecarr,Eileen,Carr,F,68 Molodetno Manor,Nordrhein-Westfalen,Witten,4662,146640639760,DEU,Germany,ecarr617@email.com,2021-01-01
VA8623,tvasquez,Terri,Vasquez,F,642 Nador Drive,Maharashtra,Bhusawal,3924,369050085652,IND,India,tvasquez289@email.com,2021-01-01
CA1881,gcastillo,Gertrude,Castillo,F,1688 Nador Lane,Sulawesi Utara,Gorontalo,61613,652218196731,IDN,Indonesia,gcastillo453@email.com,2021-01-01
WH7580,lwheeler,Lucy,Wheeler,F,1215 Pyongyang Parkway,Usak,Usak,25238,646237101779,TUR,Turkey,lwheeler448@email.com,2021-01-01
CH4472,tchapman,Tonya,Chapman,F,1679 Antofagasta Street,Alto Paran,Ciudad del Este,86599,905903574913,PRY,Paraguay,tchapman845@email.com,2021-01-01
OL5988,eoliver,Ella,Oliver,F,1304 s-Hertogenbosch Way,Santa Catarina,Blumenau,10925,90336226227,BRA,Brazil,eoliver903@email.com,2021-01-01
MO5578,smontgomery,Stacey,Montgomery,F,850 Salala Loop,Kitaa,Nuuk,10800,403404780639,GRL,Greenland,smontgomery497@email.com,2021-01-01
RI5243,wrichards,Wilma,Richards,F,624 Oshawa Boulevard,West Bengali,Balurghat,89959,49677664184,IND,India,wrichards335@email.com,2021-01-01
WI6372,gwilliamson,Gina,Williamson,F,43 Dadu Avenue,Rajasthan,Bhilwara,4855,95666951770,IND,India,gwilliamson797@email.com,2021-01-01
JO8700,kjohnston,Kristin,Johnston,F,751 Lima Loop,Aden,Aden,99405,756460337785,YEM,Yemen,kjohnston66@email.com,2021-01-01
BA4774,jbanks,Jessie,Banks,F,1333 Haldia Street,Jilin,Fuyu,82161,408304391718,CHN,China,jbanks878@email.com,2021-01-01
ME3871,nmeyer,Natalie,Meyer,F,660 Jedda Boulevard,Washington,Bellevue,25053,168758068397,USA,United States of America,nmeyer138@email.com,2021-01-01
BI6396,abishop,Agnes,Bishop,F,1001 Miyakonojo Lane,Taizz,Taizz,67924,584316724815,YEM,Yemen,abishop128@email.com,2021-01-01
MC8494,vmccoy,Vera,Mccoy,F,226 Brest Manor,California,Sunnyvale,2299,785881412500,USA,United States of America,vmccoy598@email.com,2021-01-01
HO9183,whowell,Willie,Howell,M,1229 Valencia Parkway,Haskovo,Stara Zagora,99124,352679173732,BGR,Bulgaria,whowell660@email.com,2021-01-01
AL8353,calvarez,Charlene,Alvarez,F,1201 Qomsheh Manor,Gois,Aparecida de Goinia,21464,873492228462,BRA,Brazil,calvarez495@email.com,2021-01-01
MO2792,bmorrison,Bessie,Morrison,F,866 Shivapuri Manor,Uttar Pradesh,Sambhal,22474,778502731092,IND,India,bmorrison251@email.com,2021-01-01
HA1456,dhansen,Delores,Hansen,F,1168 Najafabad Parkway,Kabol,Kabul,40301,886649065861,AFG,Afghanistan,dhansen536@email.com,2021-01-01
FE1692,mfernandez,Melinda,Fernandez,F,1244 Allappuzha (Alleppey) Place,Buenos Aires,Vicente Lpez,20657,991802825778,ARG,Argentina,mfernandez151@email.com,2021-01-01
HA7491,aharvey,Arlene,Harvey,F,1926 Gingoog Street,Sisilia,Syrakusa,22824,469738825391,ITA,Italy,aharvey260@email.com,2021-01-01
LI9951,mlittle,Maureen,Little,F,810 Palghat (Palakkad) Boulevard,Jaroslavl,Jaroslavl,73431,516331171356,RUS,Russian Federation,mlittle240@email.com,2021-01-01
BU6650,cburton,Colleen,Burton,F,1820 Maring Parkway,Punjab,Mandi Bahauddin,88307,99760893676,PAK,Pakistan,cburton435@email.com,2021-01-01
ST0782,astanley,Allison,Stanley,F,60 Poos de Caldas Street,Rajasthan,Jodhpur,82338,963063788669,IND,India,astanley141@email.com,2021-01-01
NG0494,tnguyen,Tamara,Nguyen,F,1014 Loja Manor,Tamil Nadu,Ambattur,66851,460795526514,IND,India,tnguyen638@email.com,2021-01-01
GE0637,jgeorge,Joy,George,F,201 Effon-Alaiye Way,Asuncin,Asuncin,64344,684192903087,PRY,Paraguay,jgeorge613@email.com,2021-01-01
JA6130,gjacobs,Georgia,Jacobs,F,430 Alessandria Loop,Saarland,Saarbrcken,47446,669828224459,DEU,Germany,gjacobs880@email.com,2021-01-01
RE4604,creid,Constance,Reid,F,754 Valencia Place,Phnom Penh,Phnom Penh,87911,594319417514,KHM,Cambodia,creid450@email.com,2021-01-01
KI9040,lkim,Lillie,Kim,F,356 Olomouc Manor,Gois,Anpolis,93323,22326410776,BRA,Brazil,lkim290@email.com,2021-01-01
FU8932,cfuller,Claudia,Fuller,F,1256 Bislig Boulevard,Botosani,Botosani,50598,479007229460,ROU,Romania,cfuller656@email.com,2021-01-01
LY0655,jlynch,Jackie,Lynch,F,954 Kimchon Place,West Bengali,Uttarpara-Kotrung,42420,541327526474,IND,India,jlynch656@email.com,2021-01-01
DE1084,mdean,Marcia,Dean,F,885 Yingkou Manor,Kaduna,Zaria,31390,588964509072,NGA,Nigeria,mdean491@email.com,2021-01-01
GI5188,tgilbert,Tanya,Gilbert,F,1736 Cavite Place,Qina,Idfu,98775,431770603551,EGY,Egypt,tgilbert847@email.com,2021-01-01
GA4708,ngarrett,Nellie,Garrett,F,346 Skikda Parkway,Hawalli,Jalib al-Shuyukh,90628,630424482919,KWT,Kuwait,ngarrett733@email.com,2021-01-01
RO7326,mromero,Minnie,Romero,F,98 Stara Zagora Boulevard,Valle,Buenaventura,76448,610173756082,COL,Colombia,mromero381@email.com,2021-01-01
WE8815,mwelch,Marlene,Welch,F,1479 Rustenburg Boulevard,Southern Tagalog,Tanza,18727,727785483194,PHL,Philippines,mwelch615@email.com,2021-01-01
LA0587,hlarson,Heidi,Larson,F,647 A Corua (La Corua) Street,Chollanam,Naju,36971,792557457753,KOR,Republic of Korea,hlarson329@email.com,2021-01-01
FR3584,gfrazier,Glenda,Frazier,F,1964 Gijn Manor,Karnataka,Shimoga,14408,918119601885,IND,India,gfrazier449@email.com,2021-01-01
BU9320,lburke,Lydia,Burke,F,47 Syktyvkar Lane,West Java,Ciomas,22236,63937119031,IDN,Indonesia,lburke111@email.com,2021-01-01
HA5416,vhanson,Viola,Hanson,F,1148 Saarbrcken Parkway,Fukushima,Iwaki,1921,137773001988,JPN,Japan,vhanson590@email.com,2021-01-01
DA3500,cday,Courtney,Day,F,1103 Bilbays Parkway,Hubei,Xiangfan,87660,279979529227,CHN,China,cday232@email.com,2021-01-01
ME9917,mmendoza,Marian,Mendoza,F,1246 Boksburg Parkway,Hebei,Qinhuangdao,28349,890283544295,CHN,China,mmendoza699@email.com,2021-01-01
MO0868,smoreno,Stella,Moreno,F,1483 Pathankot Street,Tucumn,San Miguel de Tucumn,37288,686015532180,ARG,Argentina,smoreno303@email.com,2021-01-01
BO8942,cbowman,Caroline,Bowman,F,582 Papeete Loop,Central Visayas,Lapu-Lapu,27722,569868543137,PHL,Philippines,cbowman904@email.com,2021-01-01
ME4364,dmedina,Dora,Medina,F,300 Junan Street,Kyonggi,Uijongbu,81314,890289150158,KOR,Republic of Korea,dmedina517@email.com,2021-01-01
FO8816,jfowler,Jo,Fowler,F,829 Grand Prairie Way,Paran,Maring,6461,741070712873,BRA,Brazil,jfowler436@email.com,2021-01-01
BR9313,vbrewer,Vickie,Brewer,F,1473 Changhwa Parkway,Mxico,Coacalco de Berriozbal,75933,266798132374,MEX,Mexico,vbrewer670@email.com,2021-01-01
HO0098,mhoffman,Mattie,Hoffman,F,1309 Weifang Street,Florida,Tallahassee,57338,435785045362,USA,United States of America,mhoffman769@email.com,2021-01-01
CA6922,tcarlson,Terry,Carlson,M,1760 Oshawa Manor,Tianjin,Tianjin,38140,56257502250,CHN,China,tcarlson492@email.com,2021-01-01
SI4591,msilva,Maxine,Silva,F,786 Stara Zagora Way,Oyo & Osun,Oyo,98332,716256596301,NGA,Nigeria,msilva615@email.com,2021-01-01
PE8280,ipearson,Irma,Pearson,F,1966 Tonghae Street,Anhalt Sachsen,Halle/Saale,36481,567359279425,DEU,Germany,ipearson543@email.com,2021-01-01
HO2334,mholland,Mabel,Holland,F,1497 Yuzhou Drive,England,London,3433,246810237916,GBR,United Kingdom,mholland103@email.com,2021-01-01
FL6084,mfleming,Myrtle,Fleming,F,752 Ondo Loop,Miyazaki,Miyakonojo,32474,134673576619,JPN,Japan,mfleming246@email.com,2021-01-01
JE9729,ljensen,Lena,Jensen,F,1338 Zalantun Lane,Minas Gerais,Poos de Caldas,45403,840522972766,BRA,Brazil,ljensen625@email.com,2021-01-01
VA2210,cvargas,Christy,Vargas,M,127 Iwakuni Boulevard,Central Luzon,Hagonoy,20777,987442542471,PHL,Philippines,cvargas133@email.com,2021-01-01
BY9563,dbyrd,Deanna,Byrd,F,51 Laredo Avenue,Sagaing,Monywa,68146,884536620568,MMR,Myanmar,dbyrd543@email.com,2021-01-01
DA9920,pdavidson,Patsy,Davidson,F,771 Yaound Manor,Sofala,Beira,86768,245477603573,MOZ,Mozambique,pdavidson167@email.com,2021-01-01
HO1607,hhopkins,Hilda,Hopkins,F,532 Toulon Street,Santiago,Santiago de los Caballeros,69517,46871694740,DOM,Dominican Republic,hhopkins882@email.com,2021-01-01
MA2062,gmay,Gwendolyn,May,F,1027 Banjul Place,West Bengali,Halisahar,50390,538241037443,IND,India,gmay404@email.com,2021-01-01
TE4205,jterry,Jennie,Terry,F,1158 Mandi Bahauddin Parkway,Shanxi,Datong,98484,276555730211,CHN,China,jterry923@email.com,2021-01-01
HE5436,nherrera,Nora,Herrera,F,862 Xintai Lane,Cagayan Valley,Tuguegarao,30065,265153400632,PHL,Philippines,nherrera171@email.com,2021-01-01
WA2108,mwade,Margie,Wade,F,816 Cayenne Parkway,Manab,Portoviejo,93629,282874611748,ECU,Ecuador,mwade838@email.com,2021-01-01
SO8917,nsoto,Nina,Soto,F,1831 Nam Dinh Loop,National Capital Reg,Mandaluyong,51990,322888976727,PHL,Philippines,nsoto509@email.com,2021-01-01
WA5562,cwalters,Cassandra,Walters,F,446 Kirovo-Tepetsk Lane,Osaka,Higashiosaka,19428,303967439816,JPN,Japan,cwalters712@email.com,2021-01-01
CU9508,lcurtis,Leah,Curtis,F,682 Halisahar Place,Severn Morava,Olomouc,20536,475553436330,CZE,Czech Republic,lcurtis182@email.com,2021-01-01
NE2380,pneal,Penny,Neal,F,1587 Loja Manor,Salzburg,Salzburg,5410,621625204422,AUT,Austria,pneal159@email.com,2021-01-01
CA7814,kcaldwell,Kay,Caldwell,M,1762 Paarl Parkway,Hunan,Lengshuijiang,53928,192459639410,CHN,China,kcaldwell48@email.com,2021-01-01
LO7699,plowe,Priscilla,Lowe,F,1519 Ilorin Place,Kerala,Palghat (Palakkad),49298,357445645426,IND,India,plowe41@email.com,2021-01-01
JE2109,njennings,Naomi,Jennings,F,920 Kumbakonam Loop,California,Salinas,75090,685010736240,USA,United States of America,njennings996@email.com,2021-01-01
BA8616,cbarnett,Carole,Barnett,F,906 Goinia Way,Wielkopolskie,Kalisz,83565,701767622697,POL,Poland,cbarnett306@email.com,2021-01-01
GR3524,bgraves,Brandy,Graves,F,1675 Xiangfan Manor,Tamil Nadu,Kumbakonam,11763,271149517630,IND,India,bgraves869@email.com,2021-01-01
JI7732,ojimenez,Olga,Jimenez,F,85 San Felipe de Puerto Plata Drive,Shandong,Yantai,46063,170739645687,CHN,China,ojimenez100@email.com,2021-01-01
HO0372,bhorton,Billie,Horton,F,144 South Hill Loop,Guanajuato,Salamanca,2012,45387294817,MEX,Mexico,bhorton550@email.com,2021-01-01
SH3601,dshelton,Dianne,Shelton,F,1884 Shikarpur Avenue,Haryana,Karnal,85548,959949395183,IND,India,dshelton221@email.com,2021-01-01
BA5613,tbarrett,Tracey,Barrett,F,1980 Kamjanets-Podilskyi Street,Illinois,Peoria,89502,874337098891,USA,United States of America,tbarrett948@email.com,2021-01-01
OB1942,lobrien,Leona,Obrien,F,1944 Bamenda Way,Michigan,Warren,24645,75975221996,USA,United States of America,lobrien393@email.com,2021-01-01
CA2017,jcastro,Jenny,Castro,F,556 Baybay Manor,Oyo & Osun,Ogbomosho,55802,363982224739,NGA,Nigeria,jcastro70@email.com,2021-01-01
SU9752,fsutton,Felicia,Sutton,F,457 Tongliao Loop,Bursa,Inegl,56254,880756161823,TUR,Turkey,fsutton826@email.com,2021-01-01
GR9689,sgregory,Sonia,Gregory,F,600 Bradford Street,East Azerbaidzan,Tabriz,96204,117592274996,IRN,Iran,sgregory404@email.com,2021-01-01
MC2072,mmckinney,Miriam,Mckinney,F,1006 Santa Brbara dOeste Manor,Ondo & Ekiti,Owo,36229,85059738746,NGA,Nigeria,mmckinney270@email.com,2021-01-01
LU1153,vlucas,Velma,Lucas,F,1308 Sumy Loop,Fujian,Fuzhou,30657,583021225407,CHN,China,vlucas825@email.com,2021-01-01
MI6070,bmiles,Becky,Miles,F,1405 Chisinau Place,Ponce,Ponce,8160,62781725285,PRI,Puerto Rico,bmiles158@email.com,2021-01-01
CR6829,bcraig,Bobbie,Craig,M,226 Halifax Street,Xinxiang,Korla,58492,790651020929,CHN,China,bcraig719@email.com,2021-01-01
RO8285,vrodriquez,Violet,Rodriquez,F,1279 Udine Parkway,Edo & Delta,Benin City,75860,195003555232,NGA,Nigeria,vrodriquez115@email.com,2021-01-01
CH8237,kchambers,Kristina,Chambers,F,1336 Benin City Drive,Shiga,Otsu,46044,341242939532,JPN,Japan,kchambers805@email.com,2021-01-01
HO9858,tholt,Toni,Holt,F,1155 Liaocheng Place,Oyo & Osun,Effon-Alaiye,22650,558236142492,NGA,Nigeria,tholt755@email.com,2021-01-01
LA7969,mlambert,Misty,Lambert,F,1993 Tabuk Lane,Tamil Nadu,Tambaram,64221,648482415405,IND,India,mlambert905@email.com,2021-01-01
FL2163,mfletcher,Mae,Fletcher,F,86 Higashiosaka Lane,Guanajuato,Valle de Santiago,33768,957128697225,MEX,Mexico,mfletcher214@email.com,2021-01-01
BA9113,dbates,Daisy,Bates,F,544 Tarsus Boulevard,Gurico,Valle de la Pascua,53145,892523334,VEN,Venezuela,dbates15@email.com,2021-01-01
HA6230,rhale,Ramona,Hale,F,1936 Cuman Avenue,Virginia,Roanoke,61195,976798660411,USA,United States of America,rhale147@email.com,2021-01-01
RH6126,srhodes,Sherri,Rhodes,F,1192 Tongliao Street,Sharja,Sharja,19065,350970907017,ARE,United Arab Emirates,srhodes32@email.com,2021-01-01
PE3252,epena,Erika,Pena,F,44 Najafabad Way,Baskimaa,Donostia-San Sebastin,61391,96604821070,ESP,Spain,epena452@email.com,2021-01-01
GA2616,jgannon,James,Gannon,M,32 Pudukkottai Lane,Ohio,Dayton,38834,967274728547,USA,United States of America,jgannon533@email.com,2021-01-01
FA1047,jfarnsworth,John,Farnsworth,M,661 Chisinau Lane,Pietari,Kolpino,8856,816436065431,RUS,Russian Federation,jfarnsworth791@email.com,2021-01-01
BA9005,rbaughman,Robert,Baughman,M,951 Stara Zagora Manor,Punjab,Patiala,98573,429925609431,IND,India,rbaughman272@email.com,2021-01-01
SI8933,msilverman,Michael,Silverman,M,922 Vila Velha Loop,Maharashtra,Ahmadnagar,4085,510737228015,IND,India,msilverman442@email.com,2021-01-01
SA6918,wsatterfield,William,Satterfield,M,898 Jining Lane,Pohjois-Pohjanmaa,Oulu,40070,161643343536,FIN,Finland,wsatterfield796@email.com,2021-01-01
RO1936,droyal,David,Royal,M,1635 Kuwana Boulevard,Hiroshima,Hiroshima,52137,710603868323,JPN,Japan,droyal960@email.com,2021-01-01
MC3590,rmccrary,Richard,Mccrary,M,41 El Alto Parkway,Maharashtra,Parbhani,56883,51917807050,IND,India,rmccrary901@email.com,2021-01-01
KO0060,ckowalski,Charles,Kowalski,M,1883 Maikop Lane,Kaliningrad,Kaliningrad,68469,96110042435,RUS,Russian Federation,ckowalski433@email.com,2021-01-01
JO9420,jjoy,Joseph,Joy,M,1908 Gaziantep Place,Liaoning,Tiefa,58979,108053751300,CHN,China,jjoy799@email.com,2021-01-01
GR8098,tgrigsby,Thomas,Grigsby,M,687 Alessandria Parkway,Sanaa,Sanaa,57587,407218522294,YEM,Yemen,tgrigsby522@email.com,2021-01-01
GR3545,cgreco,Christopher,Greco,M,827 Yuncheng Drive,Callao,Callao,79047,504434452842,PER,Peru,cgreco864@email.com,2021-01-01
CA0347,dcabral,Daniel,Cabral,M,913 Coacalco de Berriozbal Loop,Texas,Arlington,42141,262088367001,USA,United States of America,dcabral443@email.com,2021-01-01
TR5978,ptrout,Paul,Trout,M,715 So Bernardo do Campo Lane,Kedah,Sungai Petani,84804,181179321332,MYS,Malaysia,ptrout580@email.com,2021-01-01
RI4307,mrinehart,Mark,Rinehart,M,1354 Siegen Street,Rio de Janeiro,Angra dos Reis,80184,573441801529,BRA,Brazil,mrinehart817@email.com,2021-01-01
MA1046,dmahon,Donald,Mahon,M,1191 Sungai Petani Boulevard,Missouri,Kansas City,9668,983259819766,USA,United States of America,dmahon829@email.com,2021-01-01
LI9475,glinton,George,Linton,M,1224 Huejutla de Reyes Boulevard,Lombardia,Brescia,70923,806016930576,ITA,Italy,glinton415@email.com,2021-01-01
GO7135,kgooden,Kenneth,Gooden,M,543 Bergamo Avenue,Minas Gerais,Ibirit,59686,103602195112,BRA,Brazil,kgooden977@email.com,2021-01-01
CU4554,scurley,Steven,Curley,M,746 Joliet Lane,Kursk,Kursk,94878,688485191923,RUS,Russian Federation,scurley60@email.com,2021-01-01
BA9438,ebaugh,Edward,Baugh,M,780 Kimberley Way,Tabuk,Tabuk,17032,824396883951,SAU,Saudi Arabia,ebaugh814@email.com,2021-01-01
WY1792,bwyman,Brian,Wyman,M,1774 Yaound Place,Hubei,Ezhou,91400,613124286867,CHN,China,bwyman959@email.com,2021-01-01
WE1728,rweiner,Ronald,Weiner,M,1957 Yantai Lane,So Paulo,Sorocaba,59255,704948322302,BRA,Brazil,rweiner112@email.com,2021-01-01
SC2947,aschwab,Anthony,Schwab,M,1542 Lubumbashi Boulevard,Tel Aviv,Bat Yam,62472,508800331065,ISR,Israel,aschwab788@email.com,2021-01-01
SC9098,kschuler,Kevin,Schuler,M,651 Pathankot Loop,Maharashtra,Miraj,59811,139378397418,IND,India,kschuler380@email.com,2021-01-01
MA9891,mmahan,Matthew,Mahan,M,1769 Iwaki Lane,Kujawsko-Pomorskie,Bydgoszcz,25787,556100547674,POL,Poland,mmahan97@email.com,2021-01-01
CO6646,gcoy,Gary,Coy,N,1145 Vilnius Manor,Mxico,San Felipe del Progreso,73170,674805712553,MEX,Mexico,gcoy884@email.com,2021-01-01
BU1276,tbunn,Timothy,Bunn,M,1892 Nabereznyje Telny Lane,Tutuila,Tafuna,28396,478229987054,ASM,American Samoa,tbunn282@email.com,2021-01-01
AN1877,jandrew,Jose,Andrew,M,470 Boksburg Street,Central,Birgunj,97960,908029859266,NPL,Nepal,jandrew60@email.com,2021-01-01
TH5041,lthrasher,Larry,Thrasher,M,1427 A Corua (La Corua) Place,Buenos Aires,Baha Blanca,85799,972574862516,ARG,Argentina,lthrasher727@email.com,2021-01-01
SP8175,jspear,Jeffrey,Spear,M,479 San Felipe del Progreso Avenue,Morelos,Cuautla,54949,869051782691,MEX,Mexico,jspear39@email.com,2021-01-01
WA0814,fwaggoner,Frank,Waggoner,M,867 Benin City Avenue,Henan,Yuzhou,78543,168884817145,CHN,China,fwaggoner99@email.com,2021-01-01
SH9381,sshelley,Scott,Shelley,M,981 Kumbakonam Place,Distrito Federal,Braslia,87611,829116184079,BRA,Brazil,sshelley23@email.com,2021-01-01
RO3086,erobert,Eric,Robert,M,1016 Iwakuni Street,St George,Kingstown,49833,961370847344,VCT,Saint Vincent and the Grenadines,erobert458@email.com,2021-01-01
QU9596,squalls,Stephen,Qualls,M,663 Baha Blanca Parkway,Adana,Adana,33463,834418779292,TUR,Turkey,squalls534@email.com,2021-01-01
PU6960,apurdy,Andrew,Purdy,M,1860 Taguig Loop,West Java,Ciparay,59550,38158430589,IDN,Indonesia,apurdy78@email.com,2021-01-01
MC6689,rmcwhorter,Raymond,Mcwhorter,M,1816 Bydgoszcz Loop,Dhaka,Jamalpur,64308,965273813662,BGD,Bangladesh,rmcwhorter580@email.com,2021-01-01
MA6447,gmauldin,Gregory,Mauldin,M,587 Benguela Manor,Illinois,Aurora,91590,165450987037,USA,United States of America,gmauldin511@email.com,2021-01-01
MA6205,jmark,Joshua,Mark,M,430 Kumbakonam Drive,Santa F,Santa F,28814,105470691550,ARG,Argentina,jmark477@email.com,2021-01-01
JO9414,jjordon,Jerry,Jordon,M,1838 Tabriz Lane,Dhaka,Dhaka,1195,38988715447,BGD,Bangladesh,jjordon67@email.com,2021-01-01
GI2584,dgilman,Dennis,Gilman,M,431 Szkesfehrvr Avenue,Baki,Baku,57828,119501405123,AZE,Azerbaijan,dgilman592@email.com,2021-01-01
PE4936,wperryman,Walter,Perryman,M,503 Sogamoso Loop,Sumqayit,Sumqayit,49812,834626715837,AZE,Azerbaijan,wperryman948@email.com,2021-01-01
NE4260,pnewsom,Patrick,Newsom,M,507 Smolensk Loop,Sousse,Sousse,22971,80303246192,TUN,Tunisia,pnewsom859@email.com,2021-01-01
ME6969,pmenard,Peter,Menard,M,1920 Weifang Avenue,Uttar Pradesh,Rampur,15643,869507847714,IND,India,pmenard694@email.com,2021-01-01
MA7274,hmartino,Harold,Martino,M,124 al-Manama Way,Hiroshima,Onomichi,52368,647899404952,JPN,Japan,hmartino497@email.com,2021-01-01
GR4410,dgraf,Douglas,Graf,M,1443 Mardan Street,Western Cape,Paarl,31483,231383037471,ZAF,South Africa,dgraf728@email.com,2021-01-01
BI2561,hbillingsley,Henry,Billingsley,M,1909 Benguela Lane,Henan,Xinxiang,19913,624138001031,CHN,China,hbillingsley935@email.com,2021-01-01
AR0304,cartis,Carl,Artis,M,68 Ponce Parkway,Hanoi,Hanoi,85926,870635127812,VNM,Vietnam,cartis701@email.com,2021-01-01
SI1895,asimpkins,Arthur,Simpkins,M,1217 Konotop Avenue,Gelderland,Ede,504,718917251754,NLD,Netherlands,asimpkins68@email.com,2021-01-01
SA5196,rsalisbury,Ryan,Salisbury,M,1293 Nam Dinh Way,Roraima,Boa Vista,71583,697656479977,BRA,Brazil,rsalisbury113@email.com,2021-01-01
QU5954,rquintanilla,Roger,Quintanilla,M,785 Vaduz Street,Baja California,Mexicali,36170,895616862749,MEX,Mexico,rquintanilla822@email.com,2021-01-01
GI7251,jgilliland,Joe,Gilliland,M,1516 Escobar Drive,Tongatapu,Nukualofa,46069,64536069371,TON,Tonga,jgilliland770@email.com,2021-01-01
FR8560,jfraley,Juan,Fraley,M,1628 Nagareyama Lane,Central,San Lorenzo,60079,20064292617,PRY,Paraguay,jfraley713@email.com,2021-01-01
FO4050,jfoust,Jack,Foust,M,1157 Nyeri Loop,Adygea,Maikop,56380,262744791493,RUS,Russian Federation,jfoust986@email.com,2021-01-01
CR4044,acrouse,Albert,Crouse,M,1673 Tangail Drive,Daugavpils,Daugavpils,26857,627924259271,LVA,Latvia,acrouse735@email.com,2021-01-01
SC9807,jscarborough,Jonathan,Scarborough,M,381 Kabul Way,Taipei,Hsichuh,87272,55477302294,TWN,Taiwan,jscarborough928@email.com,2021-01-01
NG2428,jngo,Justin,Ngo,M,953 Hodeida Street,Southern Tagalog,Imus,18841,53912826864,PHL,Philippines,jngo223@email.com,2021-01-01
GR9072,tgrissom,Terry,Grissom,M,469 Nakhon Sawan Street,Tuvassia,Teboksary,58866,689199636560,RUS,Russian Federation,tgrissom184@email.com,2021-01-01
FU1811,gfultz,Gerald,Fultz,M,1378 Beira Loop,Krasnojarsk,Zeleznogorsk,40792,840957664136,RUS,Russian Federation,gfultz195@email.com,2021-01-01
RI0051,krico,Keith,Rico,M,1641 Changhwa Place,Nord-Ouest,Bamenda,37636,256546485220,CMR,Cameroon,krico657@email.com,2021-01-01
MA3873,smarlow,Samuel,Marlow,M,1698 Southport Loop,Hidalgo,Pachuca de Soto,49009,754358349853,MEX,Mexico,smarlow771@email.com,2021-01-01
MA5525,wmarkham,Willie,Markham,M,519 Nyeri Manor,So Paulo,Santo Andr,37650,764680915323,BRA,Brazil,wmarkham47@email.com,2021-01-01
MA7912,rmadrigal,Ralph,Madrigal,M,619 Hunuco Avenue,Shimane,Matsue,81508,142596392389,JPN,Japan,rmadrigal763@email.com,2021-01-01
LA4184,llawton,Lawrence,Lawton,M,45 Aparecida de Goinia Place,Madhya Pradesh,Satna,7431,650496654258,IND,India,llawton849@email.com,2021-01-01
BA0180,nbarfield,Nicholas,Barfield,M,482 Kowloon and New Kowloon Manor,Bratislava,Bratislava,97056,738968474939,SVK,Slovakia,nbarfield21@email.com,2021-01-01
WH7876,rwhiting,Roy,Whiting,M,604 Bern Place,Jharkhand,Ranchi,5373,620719383725,IND,India,rwhiting616@email.com,2021-01-01
VA2126,bvarney,Benjamin,Varney,M,1623 Kingstown Drive,Buenos Aires,Almirante Brown,91299,296394569728,ARG,Argentina,bvarney353@email.com,2021-01-01
SC3966,bschwarz,Bruce,Schwarz,M,1009 Zanzibar Lane,Arecibo,Arecibo,64875,102396298916,PRI,Puerto Rico,bschwarz114@email.com,2021-01-01
HU8549,bhuey,Brandon,Huey,M,114 Jalib al-Shuyukh Manor,Centre,Yaound,60440,845378657301,CMR,Cameroon,bhuey45@email.com,2021-01-01
GO0766,agooch,Adam,Gooch,M,1163 London Parkway,Par,Belm,6066,675120358494,BRA,Brazil,agooch491@email.com,2021-01-01
AR2237,harce,Harry,Arce,M,1658 Jastrzebie-Zdrj Loop,Central,Nyeri,96584,568367775448,KEN,Kenya,harce815@email.com,2021-01-01
WH2771,fwheat,Fred,Wheat,M,817 Laredo Avenue,Jalisco,Guadalajara,77449,151249681135,MEX,Mexico,fwheat194@email.com,2021-01-01
TR4914,wtruong,Wayne,Truong,M,1565 Tangail Manor,Okinawa,Okinawa,45750,634445428822,JPN,Japan,wtruong500@email.com,2021-01-01
PO8218,bpoulin,Billy,Poulin,M,1912 Emeishan Drive,Balikesir,Balikesir,33050,99883471275,TUR,Turkey,bpoulin566@email.com,2021-01-01
MA4255,smackenzie,Steve,Mackenzie,M,230 Urawa Drive,Andhra Pradesh,Adoni,2738,166898395731,IND,India,smackenzie467@email.com,2021-01-01
LE4284,lleone,Louis,Leone,M,1922 Miraj Way,Esfahan,Najafabad,13203,320471479776,IRN,Iran,lleone230@email.com,2021-01-01
HU4551,jhurtado,Jeremy,Hurtado,M,433 Florencia Street,Chihuahua,Jurez,91330,561729882725,MEX,Mexico,jhurtado914@email.com,2021-01-01
SE0504,aselby,Aaron,Selby,M,1049 Matamoros Parkway,Karnataka,Gulbarga,69640,960505250340,IND,India,aselby386@email.com,2021-01-01
GA3230,rgaither,Randy,Gaither,M,1061 Ede Avenue,Southern Tagalog,Cabuyao,57810,333390595558,PHL,Philippines,rgaither942@email.com,2021-01-01
FO2947,hfortner,Howard,Fortner,M,154 Oshawa Manor,East Java,Probolinggo,72771,440365973660,IDN,Indonesia,hfortner515@email.com,2021-01-01
CU3417,eculpepper,Eugene,Culpepper,M,1191 Tandil Drive,Southern Tagalog,Tanauan,6362,45554316010,PHL,Philippines,eculpepper155@email.com,2021-01-01
CO1245,ccoughlin,Carlos,Coughlin,M,1133 Rizhao Avenue,Pernambuco,Vitria de Santo Anto,2800,600264533987,BRA,Brazil,ccoughlin891@email.com,2021-01-01
BO8192,bboudreau,Bobby,Boudreau,M,1618 Olomouc Manor,Kurgan,Kurgan,26385,96846695220,RUS,Russian Federation,bboudreau11@email.com,2021-01-01
BA2071,vbarkley,Victor,Barkley,M,220 Hidalgo Drive,Kermanshah,Kermanshah,45298,342720754566,IRN,Iran,vbarkley627@email.com,2021-01-01
BA8803,mbales,Martin,Bales,M,686 Donostia-San Sebastin Lane,Guangdong,Shenzhen,97390,71857599858,CHN,China,mbales461@email.com,2021-01-01
ST6286,estepp,Ernest,Stepp,M,97 Mogiljov Lane,Gujarat,Bhavnagar,89294,924815207181,IND,India,estepp227@email.com,2021-01-01
HO1417,pholm,Phillip,Holm,M,1642 Charlotte Amalie Drive,Slaskie,Tychy,75442,821476736117,POL,Poland,pholm285@email.com,2021-01-01
TA4844,ttan,Todd,Tan,M,1368 Maracabo Boulevard,,South Hill,32716,934352415130,AIA,Anguilla,ttan395@email.com,2021-01-01
SC0954,jschilling,Jesse,Schilling,M,401 Sucre Boulevard,New Hampshire,Manchester,25007,486395999608,USA,United States of America,jschilling272@email.com,2021-01-01
MO4945,cmorrell,Craig,Morrell,M,368 Hunuco Boulevard,Namibe,Namibe,17165,106439158941,AGO,Angola,cmorrell984@email.com,2021-01-01